index,version,year,engine,current_mileage,hand,gearBox,color,original_onership,next_test_in,annual_licensing_fee,price
0,טויוטה קורולה SUN,2019,1798 ליטר בנזין,"48,000",1,אוטומטי,לבן,ליסינג,5 חודשים,"‏1,811 ₪",116770
1,מרצדס E קלאס E250 AMG EDITION,2016,1991 ליטר בנזין,"119,000",4,אוטומטי,כסוף בהיר,פרטית,10 חודשים,"‏3,357 ₪",185000
2,מרצדס E קלאס E250 AMG EDITION,2016,1991 ליטר בנזין,"119,000",4,אוטומטי,כסוף בהיר,פרטית,10 חודשים,"‏3,357 ₪",185000
3,אאודי A4,2019,1984 ליטר בנזין,"67,000",1,אוטומטי,לבן,פרטית,4 חודשים,"‏3,366 ₪",179900
4,רנו פלואנס E1,2012,1461 ליטר דיזל,"440,000",2,אוטומטי,לבן,פרטית,11 חודשים,"‏1,262 ₪",21000
5,פורד S-MAX TREND,2013,1999 ליטר בנזין,"160,000",2,אוטומטי,כסף,פרטית,4 חודשים,"‏1,693 ₪",37500
6,וולבו XC90 T6 MOMENTUM,2016,1969 ליטר בנזין,"113,000",2,אוטומטי,שחור,פרטית,1 חודשים,"‏3,357 ₪",199000
7,אלפא רומיאו סטלביו SPECIALE,2018,1995 ליטר בנזין,"70,000",2,אוטומטי,לבן,פרטית,8 חודשים,"‏3,357 ₪",209000
8,אלפא רומיאו סטלביו SPECIALE,2018,1995 ליטר בנזין,"70,000",2,אוטומטי,לבן,פרטית,8 חודשים,"‏3,357 ₪",209000
9,סוזוקי ג'ימני GLX,2016,1328 ליטר בנזין,"115,000",3,אוטומטי,לבן,ליסינג,11 חודשים,"‏1,205 ₪",87900
10,יונדאי I20 INSPIRE,2011,1396 ליטר בנזין,"200,000",3,אוטומטי,כחול מטאלי,ליסינג,1 חודשים,"‏1,074 ₪",26000
11,סיטרואן C4 קקטוס FUN,2018,1199 ליטר בנזין,"93,000",2,אוטומטי,אפור בהיר מטלי,ליסינג,3 חודשים,"‏1,353 ₪",57000
12,סיטרואן C4 קקטוס FUN,2018,1199 ליטר בנזין,"93,000",2,אוטומטי,אפור בהיר מטלי,ליסינג,3 חודשים,"‏1,353 ₪",57000
13,רנו קליאו LIFE,2018,1197 ליטר בנזין,"68,086",1,אוטומטי,בז,השכרה,6 חודשים,"‏1,102 ₪",58000
14,איסוזו D-Max S,2013,2499 ליטר דיזל,"168,000",3,ידני,כסף מטלי,פרטית,5 חודשים,"‏1,693 ₪",95000
15,ניסאן סנטרה SR,2018,1798 ליטר בנזין,"89,000",1,אוטומטי,לבן,ליסינג,11 חודשים,"‏1,604 ₪",70000
16,טויוטה פריוס TSS,2018,1798 ליטר בנזין,"96,000",2,אוטומטי,לבן,ליסינג,1 חודשים,"‏1,835 ₪",86000
17,טויוטה C-HR HYBRID LOUNGE B-TOP,2020,1798 ליטר בנזין,"28,000",1,אוטומטי,כתום,פרטית,12 חודשים,"‏2,417 ₪",149899
18,טויוטה C-HR HYBRID LOUNGE B-TOP,2020,1798 ליטר בנזין,"28,000",1,אוטומטי,כתום,פרטית,12 חודשים,"‏2,417 ₪",149899
19,טויוטה קורולה SUN,2019,1798 ליטר בנזין,"83,804",1,אוטומטי,לבן,ליסינג,3 חודשים,"‏1,811 ₪",107000
20,פיאט קובו ACTIVE,2016,1368 ליטר בנזין,"83,000",1,ידני,לבן,השכרה,7 חודשים,"‏1,102 ₪",28000
21,פורשה מקאן S ORCHID PACK,2016,2997 ליטר בנזין,"80,000",5,אוטומטי,שחור מטלי,פרטית,3 חודשים,"‏3,357 ₪",270000
22,פורשה מקאן S ORCHID PACK,2016,2997 ליטר בנזין,"80,000",5,אוטומטי,שחור מטלי,פרטית,3 חודשים,"‏3,357 ₪",270000
23,רנו קליאו COLLECTION,2017,1197 ליטר בנזין,"107,000",1,אוטומטי,אדום שחור,פרטית,6 חודשים,"‏1,353 ₪",57900
24,MG ZS NET,2019,999 ליטר בנזין,"58,737",1,אוטומטי,אדום,השכרה,11 חודשים,"‏1,102 ₪",85000
25,MG ZS NET,2019,999 ליטר בנזין,"58,737",1,אוטומטי,אדום,השכרה,11 חודשים,"‏1,102 ₪",85000
26,MG ZS NET,2019,999 ליטר בנזין,"58,737",1,אוטומטי,אדום,השכרה,11 חודשים,"‏1,102 ₪",85000
27,מיצובישי אטראז INSTYLE,2016,1193 ליטר בנזין,"202,775",1,אוטומטי,כסוף,ליסינג,4 חודשים,"‏1,102 ₪",37000
28,מרצדס A קלאס A250 E PROGRES PLUS,2021,1332 ליטר חשמל/בנזין,"15,000",1,אוטומטי,לבן,פרטית,4 חודשים,"‏3,366 ₪",281900
29,מרצדס A קלאס A250 E PROGRES PLUS,2021,1332 ליטר חשמל/בנזין,"15,000",1,אוטומטי,לבן,פרטית,4 חודשים,"‏3,366 ₪",281900
30,מרצדס A קלאס A250 E PROGRES PLUS,2021,1332 ליטר חשמל/בנזין,"15,000",1,אוטומטי,לבן,פרטית,4 חודשים,"‏3,366 ₪",281900
31,מרצדס A קלאס A250 E PROGRES PLUS,2021,1332 ליטר חשמל/בנזין,"15,000",1,אוטומטי,לבן,פרטית,4 חודשים,"‏3,366 ₪",281900
32,ב.מ.וו סדרה 2 218I SPORT,2017,1499 ליטר בנזין,"75,000",2,אוטומטי,לבן,פרטית,4 חודשים,"‏2,563 ₪",149000
33,דאצ'יה דאסטר PRESTIGE,2015,1197 ליטר בנזין,"134,000",2,ידני,כסוף בהיר,פרטית,1 חודשים,"‏1,205 ₪",40500
34,דאצ'יה דאסטר PRESTIGE,2015,1197 ליטר בנזין,"134,000",2,ידני,כסוף בהיר,פרטית,1 חודשים,"‏1,205 ₪",40500
35,ניסאן X TRAIL ACENTA,2016,1598 ליטר דיזל,"137,000",2,אוטומטי,אפור מטל,פרטית,1 חודשים,"‏2,019 ₪",100900
36,פיאט 500 1.2 MY STAR,2015,1242 ליטר בנזין,"120,000",1,אוטומטי,אדום,פרטית,1 חודשים,"‏1,205 ₪",38000
37,יונדאי סונטה HYBRID PREMIUM,2021,1999 ליטר בנזין,"20,000",1,אוטומטי,שחור,פרטית,1 חודשים,"‏2,417 ₪",196000
38,שברולט ספארק LT,2017,1399 ליטר בנזין,"78,000",2,אוטומטי,כסף מטלי,השכרה,2 חודשים,"‏1,102 ₪",40000
39,ג'יפ רנגלר ETQ SPORT S SPORT,2021,3604 ליטר בנזין,0,1,אוטומטי,אפור בהיר מטלי,פרטית,6 חודשים,"‏4,731 ₪",475000
40,יונדאי I20 PRIME,2019,998 ליטר בנזין,"76,000",1,אוטומטי,לבן,פרטית,11 חודשים,"‏1,102 ₪",76500
41,וולבו XC60 2 KINETIC,2011,1999 ליטר בנזין,"115,799",4,אוטומטי,שחור,פרטית,3 חודשים,"‏1,726 ₪",50000
42,וולבו XC60 2 KINETIC,2011,1999 ליטר בנזין,"115,799",4,אוטומטי,שחור,פרטית,3 חודשים,"‏1,726 ₪",50000
43,סקודה אוקטביה ELEGANCE,2015,1197 ליטר בנזין,"146,000",2,אוטומטי,אפור כהה,ליסינג,1 חודשים,"‏1,424 ₪",54500
44,ביואיק לוצרן CXL,2007,3791 ליטר בנזין,"230,000",5,אוטומטי,אפור כהה,פרטית,2 חודשים,"‏1,508 ₪",20000
45,הונדה CR-V COMFORT,2017,1997 ליטר בנזין,"49,000",1,אוטומטי,אפור בהיר מטלי,פרטית,9 חודשים,"‏2,019 ₪",108000
46,טויוטה קורולה SUN,2016,1598 ליטר בנזין,"215,000",2,אוטומטי,לבן,ליסינג,3 חודשים,"‏1,604 ₪",59900
47,אלפא רומיאו ג'וליטה COMPETIZIONE,2016,1368 ליטר בנזין,"72,000",2,ידני,אפור פלדה,פרטית,9 חודשים,"‏2,019 ₪",79900
48,אלפא רומיאו ג'וליטה COMPETIZIONE,2016,1368 ליטר בנזין,"72,000",2,ידני,אפור פלדה,פרטית,9 חודשים,"‏2,019 ₪",79900
49,אלפא רומיאו ג'וליטה COMPETIZIONE,2016,1368 ליטר בנזין,"72,000",2,ידני,אפור פלדה,פרטית,9 חודשים,"‏2,019 ₪",79900
50,אופל זפירה ENJOY,2016,1364 ליטר בנזין,"102,000",1,אוטומטי,שחור,ליסינג,9 חודשים,"‏2,019 ₪",49000
51,יונדאי סנטה פה SUPREME,2017,2199 ליטר דיזל,"155,000",2,אוטומטי,אפור,פרטית,3 חודשים,"‏2,563 ₪",162500
52,מאזדה 3 COMFORT,2021,1998 ליטר בנזין,0,1,אוטומטי,לבן,פרטית,2 חודשים,"‏1,811 ₪",146000
53,מאזדה 3 COMFORT,2021,1998 ליטר בנזין,0,1,אוטומטי,לבן,פרטית,2 חודשים,"‏1,811 ₪",146000
54,ג'יפ רנגלר SPORT,2016,3604 ליטר בנזין,"90,000",2,אוטומטי,לבן,פרטית,5 חודשים,"‏2,563 ₪",289000
55,מיצובישי פאג'רו DAKAR,2018,3200 ליטר דיזל,"38,000",2,אוטומטי,שחור,פרטית,7 חודשים,"‏3,357 ₪",275000
56,מיצובישי פאג'רו DAKAR,2018,3200 ליטר דיזל,"38,000",2,אוטומטי,שחור,פרטית,7 חודשים,"‏3,357 ₪",275000
57,מיצובישי פאג'רו DAKAR,2018,3200 ליטר דיזל,"38,000",2,אוטומטי,שחור,פרטית,7 חודשים,"‏3,357 ₪",275000
58,מיצובישי אאוטלנדר INSTYLE,2018,1998 ליטר בנזין,"110,000",1,אוטומטי,אפור,ליסינג,3 חודשים,"‏2,019 ₪",117000
59,סקודה אוקטביה AMBIENTE,2011,1197 ליטר בנזין,"277,000",3,אוטומטי,כסף כחלחל מטלי,ליסינג,2 חודשים,"‏1,262 ₪",28000
60,ב.מ.וו סדרה 7 740LE iPERFORMANCE LUXURY,2018,1998 ליטר חשמל/בנזין,"60,000",2,אוטומטי,לבן,פרטית,5 חודשים,"‏3,357 ₪",419000
61,מרצדס GLC 300E 4MATIC COUPE AMG,2021,1991 ליטר חשמל/בנזין,0,1,אוטומטי,לבן,ליסינג,2 חודשים,"‏4,731 ₪",545000
62,ניסאן קשקאי ACENTA,2019,1461 ליטר דיזל,"79,000",1,אוטומטי,לבן,ליסינג,5 חודשים,"‏2,130 ₪",112000
63,ב.מ.וו X1 SDRIVE 18I BUSINESS,2020,1499 ליטר בנזין,"19,000",3,אוטומטי,לבן,ליסינג,3 חודשים,"‏3,366 ₪",204000
64,סוזוקי CROSSOVER GLX,2014,1586 ליטר בנזין,"230,000",1,אוטומטי,אפור מטל,ליסינג,4 חודשים,"‏1,205 ₪",45000
65,סוזוקי CROSSOVER GLX,2014,1586 ליטר בנזין,"230,000",1,אוטומטי,אפור מטל,ליסינג,4 חודשים,"‏1,205 ₪",45000
66,סוזוקי CROSSOVER GLX,2014,1586 ליטר בנזין,"230,000",1,אוטומטי,אפור מטל,ליסינג,4 חודשים,"‏1,205 ₪",45000
67,לקסוס IS 300H PREMIUM F,2016,2494 ליטר בנזין,"135,000",2,אוטומטי,כסוף מילניום,פרטית,3 חודשים,"‏2,563 ₪",126500
68,אופל אסטרה ברלינה ENJOY,2015,1362 ליטר בנזין,"151,000",2,אוטומטי,לבן,השכרה,11 חודשים,"‏1,424 ₪",36999
69,מיצובישי אאוטלנדר PREMIUM,2017,1998 ליטר בנזין,"170,000",1,אוטומטי,לבן,ליסינג,8 חודשים,"‏2,019 ₪",115000
70,מיצובישי אאוטלנדר PREMIUM,2017,1998 ליטר בנזין,"170,000",1,אוטומטי,לבן,ליסינג,8 חודשים,"‏2,019 ₪",115000
71,מיצובישי אאוטלנדר PREMIUM,2017,1998 ליטר בנזין,"170,000",1,אוטומטי,לבן,ליסינג,8 חודשים,"‏2,019 ₪",115000
72,ב.מ.וו סדרה 1 118I STYLE PLAY,2021,1499 ליטר בנזין,0,1,אוטומטי,שחור,פרטית,3 חודשים,"‏2,417 ₪",195000
73,אאודי TT ROADSTER DESIGN,2021,1984 ליטר בנזין,0,1,אוטומטי,שחור,ליסינג,6 חודשים,"‏4,731 ₪",349000
74,סקודה ראפיד AMBITION,2018,999 ליטר בנזין,"94,203",1,אוטומטי,לבן,ליסינג,11 חודשים,"‏1,353 ₪",60000
75,שברולט ספארק LT PLUS,2021,1399 ליטר בנזין,0,1,אוטומטי,לבן,פרטית,3 חודשים,"‏1,235 ₪",83500
76,שברולט ספארק LT PLUS,2021,1399 ליטר בנזין,0,1,אוטומטי,לבן,פרטית,3 חודשים,"‏1,235 ₪",83500
77,אופל אדם ROCKS,2015,1398 ליטר בנזין,"87,000",2,אוטומטי,קרם,ליסינג,4 חודשים,"‏1,205 ₪",49900
78,אופל אדם ROCKS,2015,1398 ליטר בנזין,"87,000",2,אוטומטי,קרם,ליסינג,4 חודשים,"‏1,205 ₪",49900
79,קיה ספורטז' TURBO TOP,2021,1591 ליטר בנזין,3,1,אוטומטי,לבן,פרטית,3 חודשים,"‏2,130 ₪",162000
80,קיה ספורטז' TURBO TOP,2021,1591 ליטר בנזין,3,1,אוטומטי,כסוף כהה,פרטית,3 חודשים,"‏2,130 ₪",162000
81,שברולט קמארו 1LT,2021,3638 ליטר בנזין,0,1,אוטומטי,לבן,פרטית,3 חודשים,"‏3,366 ₪",319000
82,שברולט קמארו LT,2021,3638 ליטר בנזין,0,1,אוטומטי,לבן,פרטית,3 חודשים,"‏3,366 ₪",319000
83,שברולט קמארו LT,2021,3638 ליטר בנזין,0,1,אוטומטי,לבן,פרטית,3 חודשים,"‏3,366 ₪",319000
84,אינפיניטי Q50 SPORT TECH,2019,1991 ליטר בנזין,"2,300",1,אוטומטי,לבן,פרטית,4 חודשים,"‏3,366 ₪",210000
85,פולקסווגן פולו GTI,2017,1798 ליטר בנזין,"78,000",2,אוטומטי,שחור מטלי,פרטית,1 חודשים,"‏1,835 ₪",110000
86,פולקסווגן פולו GTI,2017,1798 ליטר בנזין,"78,000",2,אוטומטי,שחור מטלי,פרטית,1 חודשים,"‏1,835 ₪",110000
87,מיצובישי אאוטלנדר INSTYLE,2018,1998 ליטר בנזין,"49,961",1,אוטומטי,כסף מטלי,ליסינג,8 חודשים,"‏2,019 ₪",134900
88,קיה סטוניק URBAN,2018,1368 ליטר בנזין,"78,000",2,אוטומטי,כסף מטלי,פרטית,9 חודשים,"‏1,353 ₪",76900
89,קיה פיקנטו X-LINE,2020,1248 ליטר בנזין,"6,500",1,אוטומטי,שחור,פרטית,7 חודשים,"‏1,235 ₪",81000
90,ניסאן NV200 COMBI,2018,1461 ליטר דיזל,"107,942",1,ידני,לבן,ליסינג,1 חודשים,"‏1,604 ₪",80000
91,ניסאן NV200 COMBI,2018,1461 ליטר דיזל,"107,942",1,ידני,לבן,ליסינג,1 חודשים,"‏1,604 ₪",80000
92,יונדאי סונטה HYBRID PREMIUM,2018,1999 ליטר בנזין,"124,000",1,אוטומטי,אפור,ליסינג,1 חודשים,"‏2,019 ₪",99900
93,ג'יפ גראנד צ'ירוקי TRAILHAWK,2020,3604 ליטר בנזין,"34,000",2,אוטומטי,שחור,פרטית,5 חודשים,"‏4,731 ₪",349900
94,אופל אסטרה ברלינה ENJOY,2015,1364 ליטר בנזין,"156,000",1,אוטומטי,שחור,השכרה,7 חודשים,"‏1,424 ₪",35000
95,מאזדה 3 COMFORT,2017,1998 ליטר בנזין,"142,000",3,אוטומטי,שחור,ליסינג,2 חודשים,"‏1,604 ₪",70000
96,מיצובישי אאוטלנדר INSTYLE,2014,1998 ליטר בנזין,"117,000",1,אוטומטי,שחור,פרטית,2 חודשים,"‏1,693 ₪",74500
97,ב.מ.וו סדרה 1 118I SPORT,2018,1499 ליטר בנזין,"41,000",1,אוטומטי,לבן,פרטית,3 חודשים,"‏2,019 ₪",122000
98,טויוטה קורולה SUN,2009,1598 ליטר בנזין,"210,000",2,אוטומטי,תכלת,ליסינג,6 חודשים,"‏1,074 ₪",29000
99,טויוטה קורולה סטיישן SPACE,2019,1798 ליטר בנזין,"70,000",1,אוטומטי,לבן,ליסינג,4 חודשים,"‏1,811 ₪",113500
100,קיה פיקנטו GT LINE,2021,1197 ליטר בנזין,"16,000",1,אוטומטי,שחור,פרטית,4 חודשים,"‏1,235 ₪",86500
101,איסוזו D-Max LS,2012,2499 ליטר דיזל,"150,000",2,אוטומטי,לבן,ליסינג,9 חודשים,"‏1,962 ₪",111500
102,סקודה סופרב STYLE,2018,1798 ליטר בנזין,"105,000",2,אוטומטי,קפה מטאלי,פרטית,1 חודשים,"‏2,019 ₪",127000
103,סקודה סופרב STYLE,2018,1798 ליטר בנזין,"105,000",2,אוטומטי,קפה מטאלי,פרטית,1 חודשים,"‏2,019 ₪",127000
104,סקודה סופרב AMBITION,2017,1798 ליטר בנזין,"90,315",1,אוטומטי,חום,השכרה,4 חודשים,"‏2,019 ₪",111933
105,פיג'ו 2008 ACTIVE GO,2019,1199 ליטר בנזין,"41,415",1,אוטומטי,אפור,ליסינג,11 חודשים,"‏1,353 ₪",84900
106,רנו קליאו EXTREME,2012,1149 ליטר בנזין,"145,500",2,ידני,לבן,ליסינג,4 חודשים,‏985 ₪,14000
107,רנו גראנד קופה INTENSE,2017,1461 ליטר דיזל,"150,000",2,אוטומטי,שחור,ליסינג,7 חודשים,"‏1,604 ₪",71999
108,דאצ'יה דאסטר LAUREATE,2019,1461 ליטר דיזל,"75,000",2,ידני,שחור,פרטית,2 חודשים,"‏1,811 ₪",99000
109,טויוטה לנד קרוזר LUXURY E6,2016,2755 ליטר דיזל,"117,000",2,אוטומטי,לבן,פרטית,7 חודשים,"‏3,357 ₪",280000
110,DS 5 SO CHIC,2016,1598 ליטר בנזין,"89,446",2,אוטומטי,אפור,פרטית,4 חודשים,"‏2,563 ₪",71900
111,DS 3 SO CHIC,2018,1199 ליטר בנזין,"51,354",2,אוטומטי,צהוב,פרטית,7 חודשים,"‏1,604 ₪",74900
112,מיצובישי פאג'רו DAKAR,2018,3200 ליטר דיזל,"89,675",2,אוטומטי,לבן,פרטית,1 חודשים,"‏3,357 ₪",295000
113,מיצובישי פאג'רו DAKAR,2018,3200 ליטר דיזל,"89,675",2,אוטומטי,לבן,פרטית,1 חודשים,"‏3,357 ₪",295000
114,מיצובישי פאג'רו DAKAR,2018,3200 ליטר דיזל,"89,675",2,אוטומטי,לבן,פרטית,1 חודשים,"‏3,357 ₪",295000
115,יונדאי איוניק HYBRID PREMIUM,2018,1580 ליטר בנזין,"95,627",1,אוטומטי,כסוף,ליסינג,5 חודשים,"‏1,604 ₪",93900
116,קיה סורנטו URBAN,2016,2359 ליטר בנזין,"105,000",2,אוטומטי,לבן,פרטית,7 חודשים,"‏2,019 ₪",118000
117,טויוטה קורולה SP. EDITION,2019,1798 ליטר בנזין,"47,000",1,אוטומטי,לבן,פרטית,1 חודשים,"‏1,811 ₪",131000
118,מיצובישי אאוטלנדר PREMIUM,2017,1998 ליטר בנזין,"94,330",1,אוטומטי,אפור,ליסינג,1 חודשים,"‏2,019 ₪",122382
119,מיצובישי אאוטלנדר PREMIUM,2017,1998 ליטר בנזין,"94,330",1,אוטומטי,אפור,ליסינג,1 חודשים,"‏2,019 ₪",122382
120,מרצדס CLS קלאס CLS450 4MATIC AMG,2018,2999 ליטר בנזין,"35,000",2,אוטומטי,לבן,פרטית,6 חודשים,"‏3,357 ₪",430000
121,יונדאי איוניק HYBRID PREMIUM,2017,1580 ליטר בנזין,"160,000",2,אוטומטי,שחור מטלי,ליסינג,8 חודשים,"‏1,604 ₪",85000
122,טויוטה קורולה SUN,2019,1798 ליטר בנזין,"103,032",1,אוטומטי,לבן,ליסינג,2 חודשים,"‏1,811 ₪",105000
123,טויוטה לנד קרוזר LUXURY,2008,3956 ליטר בנזין,"141,000",2,אוטומטי,כסף,פרטית,10 חודשים,"‏1,726 ₪",195000
124,טויוטה לנד קרוזר LUXURY,2008,3956 ליטר בנזין,"141,000",2,אוטומטי,כסף,פרטית,10 חודשים,"‏1,726 ₪",195000
125,לנד רובר רינג' רובר אווק S-PLUS,2021,1997 ליטר בנזין,"11,800",1,אוטומטי,אפור מטל,פרטית,3 חודשים,"‏4,731 ₪",385000
126,קיה ספורטז' URBAN,2014,1998 ליטר בנזין,"90,000",2,אוטומטי,שחור,פרטית,8 חודשים,"‏1,584 ₪",69900
127,סוזוקי ויטארה GLXV,2018,1586 ליטר בנזין,"85,715",1,אוטומטי,טורקיז,ליסינג,8 חודשים,"‏1,604 ₪",90900
128,הונדה סיוויק COMFORT,2018,988 ליטר בנזין,"81,280",1,אוטומטי,אפור מטאלי,ליסינג,8 חודשים,"‏1,604 ₪",88900
129,הונדה סיוויק COMFORT,2018,988 ליטר בנזין,"81,280",1,אוטומטי,אפור מטאלי,ליסינג,8 חודשים,"‏1,604 ₪",88900
130,שברולט ספארק LT PLUS,2019,1399 ליטר בנזין,"62,000",1,אוטומטי,שחור מטאלי,פרטית,1 חודשים,"‏1,235 ₪",66600
131,יונדאי סונטה HYBRID PREMIUM,2018,1999 ליטר בנזין,"140,000",1,אוטומטי,אפור מטל,ליסינג,5 חודשים,"‏2,019 ₪",105000
132,סיטרואן ברלינגו XTR,2018,1560 ליטר דיזל,"144,000",1,אוטומטי,לבן,ליסינג,6 חודשים,"‏1,604 ₪",79500
133,אופל מריבה ENJOY,2015,1364 ליטר בנזין,"108,000",1,אוטומטי,אפור מטל,ליסינג,11 חודשים,"‏1,205 ₪",31000
134,יונדאי איוניק HYBRID PREMIUM,2019,1580 ליטר בנזין,"99,000",1,אוטומטי,לבן,ליסינג,2 חודשים,"‏1,811 ₪",97000
135,יונדאי איוניק HYBRID PREMIUM,2019,1580 ליטר בנזין,"99,000",1,אוטומטי,לבן,ליסינג,2 חודשים,"‏1,811 ₪",97000
136,יונדאי איוניק HYBRID PREMIUM,2019,1580 ליטר בנזין,"99,000",1,אוטומטי,לבן,ליסינג,2 חודשים,"‏1,811 ₪",97000
137,טויוטה יאריס STYLE,2019,1496 ליטר בנזין,"45,000",1,אוטומטי,אפור כהה מטלי,פרטית,2 חודשים,"‏1,529 ₪",85900
138,טויוטה יאריס STYLE,2019,1496 ליטר בנזין,"45,000",1,אוטומטי,אפור כהה מטלי,פרטית,2 חודשים,"‏1,529 ₪",85900
139,מיצובישי אטראז INSTYLE,2016,1193 ליטר בנזין,"173,992",1,אוטומטי,לבן,ליסינג,5 חודשים,"‏1,102 ₪",39500
140,קיה נירו EX,2018,1580 ליטר בנזין,"145,000",2,אוטומטי,לבן,ליסינג,6 חודשים,"‏1,604 ₪",95000
141,סקודה אוקטביה AMBITION,2019,1498 ליטר בנזין,"87,000",2,אוטומטי,לבן,ליסינג,2 חודשים,"‏1,811 ₪",120000
142,איסוזו D-Max LS,2014,2499 ליטר דיזל,"150,000",2,אוטומטי,כסוף בהיר,פרטית,9 חודשים,"‏1,962 ₪",140000
143,שברולט ספארק PREMIER,2020,1399 ליטר בנזין,"19,000",1,אוטומטי,שחור,פרטית,4 חודשים,"‏1,235 ₪",79500
144,סאנגיונג רודיוס DLX,2006,2696 ליטר דיזל,"455,000",2,אוטומטי,כסף מטלי,פרטית,5 חודשים,"‏1,427 ₪",19000
145,קיה פיקנטו EX,2014,1248 ליטר בנזין,"78,000",3,אוטומטי,בז,פרטית,4 חודשים,‏985 ₪,41500
146,יונדאי I25 INSPIRE,2017,1368 ליטר בנזין,"120,000",1,אוטומטי,לבן,ליסינג,5 חודשים,"‏1,353 ₪",59900
147,יונדאי I25 INSPIRE,2017,1368 ליטר בנזין,"120,000",1,אוטומטי,לבן,ליסינג,5 חודשים,"‏1,353 ₪",59900
148,סוזוקי ויטארה GLXV 2T,2017,1586 ליטר בנזין,"70,500",1,אוטומטי,טורקיז,פרטית,11 חודשים,"‏1,604 ₪",88000
149,דייהטסו טריוס SX,2007,1495 ליטר בנזין,"185,000",2,אוטומטי,כסף מטלי,פרטית,10 חודשים,"‏1,262 ₪",32000
150,מאזדה 3,2010,1999 ליטר בנזין,"169,000",2,אוטומטי,טורקיז מטאלי,פרטית,5 חודשים,"‏1,369 ₪",31900
151,מאזדה 3,2010,1999 ליטר בנזין,"169,000",2,אוטומטי,טורקיז מטאלי,פרטית,5 חודשים,"‏1,369 ₪",31900
152,סקודה אוקטביה AMBITION,2014,1395 ליטר בנזין,"180,000",2,אוטומטי,לבן,ליסינג,1 חודשים,"‏1,424 ₪",58000
153,סקודה ראפיד ELEGANCE,2014,1390 ליטר בנזין,"170,000",1,אוטומטי,שחור,פרטית,3 חודשים,"‏1,424 ₪",40000
154,סקודה ראפיד ELEGANCE,2014,1390 ליטר בנזין,"170,000",1,אוטומטי,שחור,פרטית,3 חודשים,"‏1,424 ₪",40000
155,סיטרואן ברלינגו COMFORT PLUS,2018,1560 ליטר דיזל,"140,310",1,ידני,לבן,ליסינג,8 חודשים,"‏1,604 ₪",65900
156,קיה נירו EX,2018,1580 ליטר בנזין,"81,618",1,אוטומטי,אפור,ליסינג,3 חודשים,"‏1,604 ₪",104900
157,דאצ'יה דאסטר LAUREATE,2018,1461 ליטר דיזל,"125,000",1,אוטומטי,לבן,ליסינג,4 חודשים,"‏1,102 ₪",64900
158,טויוטה לנד קרוזר REGULAR,2008,2982 ליטר דיזל,"234,000",4,אוטומטי,לבן,פרטית,1 חודשים,"‏1,726 ₪",137900
159,טויוטה לנד קרוזר REGULAR,2008,2982 ליטר דיזל,"234,000",4,אוטומטי,לבן,פרטית,1 חודשים,"‏1,726 ₪",137900
160,קיה פיקנטו LX,2021,1248 ליטר בנזין,"15,329",1,אוטומטי,כסף,ליסינג,11 חודשים,"‏1,235 ₪",73000
161,רנו מגאן ZEN,2020,1461 ליטר דיזל,"44,000",1,אוטומטי,לבן,ליסינג,1 חודשים,"‏1,811 ₪",95000
162,טויוטה קורולה SUN,2014,1598 ליטר בנזין,"170,000",2,אוטומטי,לבן,ליסינג,5 חודשים,"‏1,424 ₪",52900
163,יונדאי איוניק HYBRID PREMIUM,2019,1580 ליטר בנזין,"57,412",1,אוטומטי,אפור,ליסינג,2 חודשים,"‏1,811 ₪",100900
164,סמארט FOR TWO LAUNCH EDITI,2016,898 ליטר בנזין,"127,000",1,אוטומטי,אפור,פרטית,4 חודשים,"‏1,353 ₪",62900
165,מיני קופר S CHILLI,2018,1998 ליטר בנזין,"44,000",1,אוטומטי,קרם,ליסינג,5 חודשים,"‏2,563 ₪",182000
166,פולקסווגן גולף ENJOY,2014,1197 ליטר בנזין,"130,000",2,אוטומטי,אפור בהיר מטלי,פרטית,9 חודשים,"‏1,424 ₪",55000
167,סקודה אוקטביה AMBITION,2019,999 ליטר בנזין,"108,426",1,אוטומטי,לבן,ליסינג,11 חודשים,"‏1,604 ₪",85900
168,קאדילאק SRX LUXURY,2013,3564 ליטר בנזין,"140,000",2,אוטומטי,כסף מטלי,פרטית,9 חודשים,"‏2,397 ₪",85900
169,קאדילאק SRX LUXURY,2013,3564 ליטר בנזין,"140,000",2,אוטומטי,כסף מטלי,פרטית,9 חודשים,"‏2,397 ₪",85900
170,ב.מ.וו X1 SDRIVE 18I BUSINESS,2022,1499 ליטר בנזין,0,1,אוטומטי,לבן,חברה,11 חודשים,"‏3,366 ₪",266355
171,אופל מריבה ENJOY,2015,1364 ליטר בנזין,"147,000",3,אוטומטי,לבן,ליסינג,8 חודשים,"‏1,205 ₪",28900
172,אופל מריבה ENJOY,2015,1364 ליטר בנזין,"147,000",3,אוטומטי,לבן,ליסינג,8 חודשים,"‏1,205 ₪",28900
173,אופל מריבה ENJOY,2015,1364 ליטר בנזין,"147,000",3,אוטומטי,לבן,ליסינג,8 חודשים,"‏1,205 ₪",28900
174,יונדאי I30 INSPIRE,2013,1591 ליטר בנזין,"198,000",2,אוטומטי,לבן,ליסינג,3 חודשים,"‏1,424 ₪",36000
175,שברולט טרוורס PREMIER,2018,3564 ליטר בנזין,"75,000",2,אוטומטי,שחור,פרטית,2 חודשים,"‏3,357 ₪",235000
176,שברולט טרוורס PREMIER,2018,3564 ליטר בנזין,"75,000",2,אוטומטי,שחור,פרטית,2 חודשים,"‏3,357 ₪",235000
177,רנו קליאו LIFE,2017,1197 ליטר בנזין,"123,000",3,אוטומטי,אפור כהה מטלי,ליסינג,4 חודשים,"‏1,102 ₪",46000
178,רנו קליאו LIFE,2017,1197 ליטר בנזין,"123,000",3,אוטומטי,אפור כהה מטלי,ליסינג,4 חודשים,"‏1,102 ₪",46000
179,יונדאי פליסייד LIMITED,2021,3778 ליטר בנזין,"8,000",1,אוטומטי,לבן,פרטית,5 חודשים,"‏4,731 ₪",311000
180,יונדאי פליסייד LIMITED,2021,3778 ליטר בנזין,"8,000",1,אוטומטי,לבן,פרטית,5 חודשים,"‏4,731 ₪",311000
181,ב.מ.וו X1 SDRIVE 18I BUSINESS,2022,1499 ליטר בנזין,1,1,אוטומטי,כסף,פרטית,11 חודשים,"‏3,366 ₪",264355
182,ב.מ.וו X1 SDRIVE 18I BUSINESS,2022,1499 ליטר בנזין,1,1,אוטומטי,לבן,פרטית,11 חודשים,"‏3,366 ₪",264355
183,שברולט טראקס LS,2014,1796 ליטר בנזין,"148,000",3,אוטומטי,שחור מטלי,ליסינג,4 חודשים,"‏1,424 ₪",35900
184,שברולט טראקס LS,2014,1796 ליטר בנזין,"148,000",3,אוטומטי,שחור מטלי,ליסינג,4 חודשים,"‏1,424 ₪",35900
185,רנו קליאו EX PACK PLUS,2016,1197 ליטר בנזין,"140,000",2,אוטומטי,לבן,ליסינג,2 חודשים,"‏1,353 ₪",35900
186,קיה קרניבל EX,2018,3342 ליטר בנזין,"162,000",1,אוטומטי,אפור,ליסינג,5 חודשים,"‏2,563 ₪",160000
187,סקודה אוקטביה STYLE,2018,999 ליטר בנזין,"116,550",1,אוטומטי,לבן,ליסינג,4 חודשים,"‏1,604 ₪",85900
188,יונדאי טוסון PANORAMIC,2019,1999 ליטר בנזין,"108,206",1,אוטומטי,בז' מטאלי,ליסינג,10 חודשים,"‏2,417 ₪",126900
189,יונדאי טוסון PANORAMIC,2019,1999 ליטר בנזין,"108,206",1,אוטומטי,בז' מטאלי,ליסינג,10 חודשים,"‏2,417 ₪",126900
190,יונדאי טוסון PANORAMIC,2019,1999 ליטר בנזין,"108,206",1,אוטומטי,בז' מטאלי,ליסינג,10 חודשים,"‏2,417 ₪",126900
191,יונדאי טוסון PANORAMIC,2019,1999 ליטר בנזין,"108,206",1,אוטומטי,בז' מטאלי,ליסינג,10 חודשים,"‏2,417 ₪",126900
192,ב.מ.וו סדרה 4 420I LUXURY,2014,1997 ליטר בנזין,"135,000",3,אוטומטי,לבן,פרטית,5 חודשים,"‏2,397 ₪",139000
193,מאזדה CX-5 LUXURY,2019,1998 ליטר בנזין,"85,571",1,אוטומטי,לבן,השכרה,12 חודשים,"‏2,019 ₪",156262
194,יונדאי איוניק HYBRID PREMIUM,2018,1580 ליטר בנזין,"73,243",1,אוטומטי,כסוף,ליסינג,8 חודשים,"‏1,604 ₪",94900
195,מאזדה CX-30 EXECUTIVE,2020,2488 ליטר בנזין,"29,000",1,אוטומטי,לבן,פרטית,9 חודשים,"‏2,417 ₪",149000
196,יונדאי סנטה פה ELITE,2021,2151 ליטר דיזל,"3,900",1,אוטומטי,לבן,פרטית,6 חודשים,"‏4,731 ₪",282000
197,טויוטה קורולה SUN,2019,1798 ליטר בנזין,"95,822",1,אוטומטי,לבן,ליסינג,2 חודשים,"‏1,811 ₪",106000
198,מאזדה 3,2020,1998 ליטר בנזין,"25,000",2,אוטומטי,שחור,פרטית,4 חודשים,"‏2,130 ₪",129000
199,טויוטה קורולה SUN,2019,1798 ליטר בנזין,"94,438",1,אוטומטי,לבן,ליסינג,2 חודשים,"‏1,811 ₪",106000
200,יונדאי I20 INSPIRE,2018,1368 ליטר בנזין,"46,000",1,אוטומטי,שחור מטלי,פרטית,2 חודשים,"‏1,353 ₪",72999
201,קיה פיקנטו GT LINE,2020,1248 ליטר בנזין,"39,000",1,אוטומטי,כסוף בהיר,פרטית,4 חודשים,"‏1,235 ₪",82000
202,טויוטה יאריס BLACKTOP,2017,1496 ליטר בנזין,"67,000",1,אוטומטי,כחול,פרטית,9 חודשים,"‏1,353 ₪",75000
203,מיצובישי לנסר LIMITED,2008,1798 ליטר בנזין,"185,000",7,אוטומטי,כסף,פרטית,4 חודשים,"‏1,369 ₪",19999
204,סוזוקי CROSSOVER GLX,2014,1586 ליטר בנזין,"194,000",1,אוטומטי,אפור מטל,פרטית,4 חודשים,"‏1,205 ₪",44900
205,יונדאי I10 INSPIRE,2014,998 ליטר בנזין,"87,000",2,ידני,שחור,פרטית,1 חודשים,‏985 ₪,29000
206,יונדאי I10 INSPIRE,2014,998 ליטר בנזין,"87,000",2,ידני,שחור,פרטית,1 חודשים,‏985 ₪,29000
207,סיאט איביזה AM5,2015,1197 ליטר בנזין,"92,000",2,אוטומטי,לבן,פרטית,5 חודשים,‏985 ₪,43900
208,סיטרואן ברלינגו,2022,1499 ליטר דיזל,0,1,אוטומטי,לבן,פרטית,11 חודשים,"‏2,130 ₪",155000
209,סיטרואן ברלינגו,2022,1499 ליטר דיזל,0,1,אוטומטי,לבן,פרטית,11 חודשים,"‏2,130 ₪",155000
210,סיטרואן ברלינגו,2022,1499 ליטר דיזל,0,1,אוטומטי,לבן,פרטית,11 חודשים,"‏2,130 ₪",155000
211,ניסאן קשקאי +2 ACENTA,2013,1997 ליטר בנזין,"160,000",2,אוטומטי,זהב מטאלי,ליסינג,2 חודשים,"‏1,693 ₪",57000
212,פיג'ו 3008 ACTIVE,2017,1560 ליטר דיזל,"176,000",1,אוטומטי,אפור,ליסינג,5 חודשים,"‏1,835 ₪",97000
213,טויוטה קורולה SUN,2017,1598 ליטר בנזין,"140,000",1,אוטומטי,ברונזה,ליסינג,8 חודשים,"‏1,604 ₪",79000
214,טויוטה קורולה GLI,2018,1598 ליטר בנזין,"100,000",1,אוטומטי,שחור מטלי,ליסינג,5 חודשים,"‏1,604 ₪",89000
215,קאדילאק XT5 LUXURY,2017,3649 ליטר בנזין,"68,000",1,אוטומטי,לבן,פרטית,7 חודשים,"‏3,357 ₪",195000
216,הונדה סיוויק COMFORT AT,2011,1799 ליטר בנזין,"173,000",4,אוטומטי,אפור בהיר מטלי,פרטית,1 חודשים,"‏1,369 ₪",34000
217,הונדה סיוויק COMFORT AT,2011,1799 ליטר בנזין,"173,000",4,אוטומטי,אפור בהיר מטלי,פרטית,1 חודשים,"‏1,369 ₪",34000
218,טויוטה קורולה SUN,2019,1798 ליטר בנזין,"121,218",1,אוטומטי,לבן,ליסינג,4 חודשים,"‏1,811 ₪",103000
219,טויוטה קורולה SUN,2019,1798 ליטר בנזין,"121,218",1,אוטומטי,לבן,ליסינג,4 חודשים,"‏1,811 ₪",103000
220,MG ZS NET,2019,999 ליטר בנזין,"75,000",1,אוטומטי,כסף מטלי,השכרה,11 חודשים,"‏1,102 ₪",86000
221,סובארו XV CROSSTREK SE,2019,1995 ליטר בנזין,"35,000",1,אוטומטי,אפור,פרטית,3 חודשים,"‏2,130 ₪",129900
222,אופל אינסיגניה EDITION,2015,1598 ליטר בנזין,"127,000",2,אוטומטי,כחול מטל,פרטית,3 חודשים,"‏1,693 ₪",49999
223,אופל אינסיגניה EDITION,2015,1598 ליטר בנזין,"127,000",2,אוטומטי,כחול מטל,פרטית,3 חודשים,"‏1,693 ₪",49999
224,שברולט בלייזר PREMIER,2020,3649 ליטר בנזין,"19,000",1,אוטומטי,אפור,פרטית,4 חודשים,"‏3,366 ₪",229500
225,טויוטה קורולה SUN,2014,1598 ליטר בנזין,"190,000",3,אוטומטי,לבן,ליסינג,6 חודשים,"‏1,424 ₪",50000
226,טויוטה קורולה SUN,2019,1798 ליטר בנזין,"48,000",1,אוטומטי,כסוף כהה,ליסינג,5 חודשים,"‏1,811 ₪",116770
227,סיטרואן ברלינגו MAXI,2018,1560 ליטר דיזל,"82,976",1,ידני,לבן,ליסינג,8 חודשים,"‏1,604 ₪",97900
228,סיטרואן ברלינגו MAXI,2018,1560 ליטר דיזל,"82,976",1,ידני,לבן,ליסינג,8 חודשים,"‏1,604 ₪",97900
229,טויוטה קורולה SUN,2016,1598 ליטר בנזין,"131,000",1,אוטומטי,לבן,השכרה,2 חודשים,"‏1,604 ₪",68000
230,אופל מריבה ENJOY,2015,1364 ליטר בנזין,"155,000",3,אוטומטי,לבן,השכרה,5 חודשים,"‏1,205 ₪",24900
231,שברולט ספארק LT,2018,1399 ליטר בנזין,"80,000",1,אוטומטי,שחור,השכרה,4 חודשים,"‏1,102 ₪",57000
232,טויוטה קורולה SUN,2019,1798 ליטר בנזין,"51,133",1,אוטומטי,לבן,ליסינג,2 חודשים,"‏1,811 ₪",110000
233,קיה נירו EX,2018,1580 ליטר בנזין,"85,020",1,אוטומטי,לבן,ליסינג,10 חודשים,"‏1,604 ₪",104000
234,מיצובישי ASX INTENSE,2019,1998 ליטר בנזין,"136,681",1,אוטומטי,לבן,ליסינג,11 חודשים,"‏1,604 ₪",88000
235,קיה ספורטז' LX,2014,1998 ליטר בנזין,"70,000",1,אוטומטי,שחור,פרטית,9 חודשים,"‏1,693 ₪",79900
236,שברולט ספארק LT,2017,1399 ליטר בנזין,"95,000",2,אוטומטי,אפור,ליסינג,1 חודשים,"‏1,102 ₪",50900
237,מרצדס E קלאס - קופה וקבריולה E300 AMG,2020,1991 ליטר בנזין,"16,000",1,אוטומטי,אפור,פרטית,4 חודשים,"‏4,731 ₪",508000
238,מרצדס GLC 200 COUPEAMGFL T,2020,1991 ליטר בנזין,"31,000",1,אוטומטי,שחור מטלי,פרטית,4 חודשים,"‏4,731 ₪",385000
239,פיאט טיפו COMFORT,2018,1598 ליטר בנזין,"106,620",1,אוטומטי,כחול,ליסינג,11 חודשים,"‏1,353 ₪",50711
240,טויוטה קורולה LIMITED,2018,1598 ליטר בנזין,"106,462",1,אוטומטי,לבן,ליסינג,8 חודשים,"‏1,604 ₪",100900
241,טויוטה קורולה LIMITED,2018,1598 ליטר בנזין,"106,462",1,אוטומטי,לבן,ליסינג,8 חודשים,"‏1,604 ₪",100900
242,טויוטה יאריס SOL,2018,1496 ליטר בנזין,"78,000",1,אוטומטי,אפור כהה מטלי,ליסינג,2 חודשים,"‏1,102 ₪",71000
243,טויוטה יאריס SOL,2018,1496 ליטר בנזין,"78,000",1,אוטומטי,אפור כהה מטלי,ליסינג,2 חודשים,"‏1,102 ₪",71000
244,מרצדס GLE 350D 4MATIC LAUNC E COUP,2020,2925 ליטר דיזל,"27,000",2,אוטומטי,כסף מטלי,פרטית,4 חודשים,"‏4,731 ₪",605000
245,מאזדה 6 LUXURY,2013,1998 ליטר בנזין,"196,000",2,אוטומטי,כסוף כהה,ליסינג,1 חודשים,"‏1,693 ₪",46000
246,סיטרואן C3 COMFORT PK,2011,1598 ליטר בנזין,"137,000",2,אוטומטי,בז,פרטית,1 חודשים,"‏1,074 ₪",18900
247,אופל קורסה ENJOY,2012,1398 ליטר בנזין,"220,000",2,אוטומטי,כסף מטלי,ליסינג,3 חודשים,"‏1,205 ₪",19900
248,אופל קורסה ENJOY,2012,1398 ליטר בנזין,"220,000",2,אוטומטי,כסף מטלי,ליסינג,3 חודשים,"‏1,205 ₪",19900
249,פורד מוסטנג ECOBOOST,2021,2261 ליטר בנזין,"13,000",1,אוטומטי,שחור,פרטית,11 חודשים,"‏3,366 ₪",289900
250,פורד מוסטנג ECOBOOST,2021,2261 ליטר בנזין,"13,000",1,אוטומטי,שחור,פרטית,11 חודשים,"‏3,366 ₪",289900
251,פורד מוסטנג ECOBOOST,2021,2261 ליטר בנזין,"13,000",1,אוטומטי,שחור,פרטית,11 חודשים,"‏3,366 ₪",289900
252,מאזדה 3 ACTIVE,2011,1598 ליטר בנזין,"190,000",3,אוטומטי,לבן,ליסינג,5 חודשים,"‏1,262 ₪",24000
253,סיטרואן C5 AIRCROSS FEEL,2019,1598 ליטר בנזין,"94,915",1,אוטומטי,שחור,ליסינג,4 חודשים,"‏2,130 ₪",113900
254,יונדאי טוסון ELITE TURBO,2019,1591 ליטר בנזין,"34,000",1,אוטומטי,בז מטאלי,פרטית,10 חודשים,"‏2,417 ₪",146000
255,לקסוס UX 250H PREMIUM,2019,1987 ליטר בנזין,"40,000",1,אוטומטי,אפור כהה,פרטית,9 חודשים,"‏3,366 ₪",183900
256,לקסוס UX 250H PREMIUM,2019,1987 ליטר בנזין,"40,000",1,אוטומטי,אפור כהה,פרטית,9 חודשים,"‏3,366 ₪",183900
257,אאודי Q5 LUXURY,2011,1984 ליטר בנזין,"172,000",2,אוטומטי,כסוף בהיר,פרטית,4 חודשים,"‏1,726 ₪",73500
258,אאודי Q5 LUXURY,2011,1984 ליטר בנזין,"172,000",2,אוטומטי,כסוף בהיר,פרטית,4 חודשים,"‏1,726 ₪",73500
259,אאודי Q5 LUXURY,2011,1984 ליטר בנזין,"172,000",2,אוטומטי,כסוף בהיר,פרטית,4 חודשים,"‏1,726 ₪",73500
260,וולבו XC60 T8 INSCRIPTION,2019,1969 ליטר חשמל/בנזין,"20,000",1,אוטומטי,שחור,פרטית,11 חודשים,"‏3,357 ₪",289000
261,מיצובישי אטראז INSTYLE,2016,1193 ליטר בנזין,"197,594",1,אוטומטי,אפור,ליסינג,4 חודשים,"‏1,102 ₪",36948
262,מיצובישי אטראז INSTYLE,2016,1193 ליטר בנזין,"197,594",1,אוטומטי,אפור,ליסינג,4 חודשים,"‏1,102 ₪",36948
263,פיאט פנדה ONE,2017,1242 ליטר בנזין,"90,000",1,ידני,לבן,ליסינג,6 חודשים,"‏1,102 ₪",29800
264,פיאט פנדה ONE,2017,1242 ליטר בנזין,"90,000",1,ידני,לבן,ליסינג,6 חודשים,"‏1,102 ₪",29800
265,סקודה סופרב AMBITION,2014,1798 ליטר בנזין,"175,000",2,אוטומטי,ברונזה,פרטית,4 חודשים,"‏1,693 ₪",42900
266,פיג'ו 208 ACCESS,2016,1199 ליטר בנזין,"67,000",2,אוטומטי,כחול,פרטית,6 חודשים,"‏1,102 ₪",44000
267,קיה פיקנטו EX,2017,1248 ליטר בנזין,"66,000",2,אוטומטי,זהב מטאלי,פרטית,5 חודשים,"‏1,102 ₪",65000
268,קיה פיקנטו EX,2017,1248 ליטר בנזין,"66,000",2,אוטומטי,זהב מטאלי,פרטית,5 חודשים,"‏1,102 ₪",65000
269,לקסוס GS 300H PREMIUM,2014,2494 ליטר בנזין,"117,000",3,אוטומטי,לבן,פרטית,8 חודשים,"‏2,397 ₪",115000
270,מאזדה 3 SPORT,2019,1998 ליטר בנזין,"50,000",2,אוטומטי,לבן,פרטית,4 חודשים,"‏1,811 ₪",100000
271,סקודה פאביה STYLE,2016,1197 ליטר בנזין,"95,000",2,אוטומטי,לבן,פרטית,8 חודשים,"‏1,353 ₪",69900
272,מאזדה 5 S,2006,1999 ליטר בנזין,"230,000",5,אוטומטי,כחול,פרטית,1 חודשים,"‏1,369 ₪",17000
273,סקודה אוקטביה ELEGANCE,2012,1197 ליטר בנזין,"227,000",2,אוטומטי,פלטינה,ליסינג,8 חודשים,"‏1,424 ₪",29000
274,סקודה אוקטביה AMBITION,2016,1197 ליטר בנזין,"160,000",3,אוטומטי,שחור מטלי,פרטית,8 חודשים,"‏1,604 ₪",64000
275,סקודה אוקטביה AMBITION,2016,1197 ליטר בנזין,"160,000",3,אוטומטי,שחור מטלי,פרטית,8 חודשים,"‏1,604 ₪",64000
276,סקודה אוקטביה AMBITION,2016,1197 ליטר בנזין,"160,000",3,אוטומטי,שחור מטלי,פרטית,8 חודשים,"‏1,604 ₪",64000
277,סקודה אוקטביה AMBITION,2016,1197 ליטר בנזין,"160,000",3,אוטומטי,שחור מטלי,פרטית,8 חודשים,"‏1,604 ₪",64000
278,ניסאן X TRAIL ACENTA,2018,1598 ליטר דיזל,"120,000",2,אוטומטי,לבן,ליסינג,3 חודשים,"‏2,019 ₪",136500
279,ניסאן X TRAIL ACENTA,2018,1598 ליטר דיזל,"120,000",2,אוטומטי,לבן,ליסינג,3 חודשים,"‏2,019 ₪",136500
280,ניסאן X TRAIL ACENTA,2018,1598 ליטר דיזל,"120,000",2,אוטומטי,לבן,ליסינג,3 חודשים,"‏2,019 ₪",136500
281,יונדאי סונטה HYBRID PREMIUM,2017,1999 ליטר בנזין,"102,000",2,אוטומטי,לבן,השכרה,1 חודשים,"‏2,019 ₪",102000
282,יונדאי I30 INSPIRE,2015,1591 ליטר בנזין,"195,000",2,אוטומטי,כסף,ליסינג,12 חודשים,"‏1,424 ₪",45000
283,יונדאי I30 INSPIRE,2015,1591 ליטר בנזין,"195,000",2,אוטומטי,כסף,ליסינג,12 חודשים,"‏1,424 ₪",45000
284,פיאט דובלו COMBI,2018,1248 ליטר דיזל,"104,000",1,ידני,לבן,ליסינג,2 חודשים,"‏1,604 ₪",55250
285,ב.מ.וו iX3 IMPRESSIVE,2021,חשמלי,0,1,אוטומטי,שחור,ליסינג,7 חודשים,"‏4,731 ₪",429000
286,יונדאי אלנטרה GL,2016,1591 ליטר בנזין,"201,000",1,אוטומטי,כסף,ליסינג,8 חודשים,"‏1,604 ₪",58000
287,שברולט ספארק LT,2018,1399 ליטר בנזין,"45,050",2,אוטומטי,שחור מטלי,פרטית,3 חודשים,"‏1,102 ₪",50000
288,שברולט ספארק LT,2018,1399 ליטר בנזין,"45,050",2,אוטומטי,שחור מטלי,פרטית,3 חודשים,"‏1,102 ₪",50000
289,מרצדס GLE 350D 4MATIC EXCLUSIVEFLT,2020,2925 ליטר דיזל,"30,000",2,אוטומטי,לבן,פרטית,3 חודשים,"‏4,731 ₪",505000
290,סקודה סופרב AMBITION,2018,1798 ליטר בנזין,"101,807",1,אוטומטי,אפור,ליסינג,1 חודשים,"‏2,019 ₪",120409
291,סקודה סופרב AMBITION,2018,1798 ליטר בנזין,"101,807",1,אוטומטי,אפור,ליסינג,1 חודשים,"‏2,019 ₪",120409
292,סקודה סופרב AMBITION,2018,1798 ליטר בנזין,"101,807",1,אוטומטי,אפור,ליסינג,1 חודשים,"‏2,019 ₪",120409
293,ניסאן X TRAIL VISIA,2017,1598 ליטר דיזל,"108,000",2,אוטומטי,לבן,פרטית,1 חודשים,"‏2,019 ₪",110000
294,ניסאן X TRAIL VISIA,2017,1598 ליטר דיזל,"108,000",2,אוטומטי,לבן,פרטית,1 חודשים,"‏2,019 ₪",110000
295,אופל אסטרה סטיישן ENJOY,2015,1364 ליטר בנזין,"161,000",1,אוטומטי,אדום,ליסינג,5 חודשים,"‏1,424 ₪",36500
296,ב.מ.וו iX3 IMPRESSIVE,2021,חשמלי,0,1,אוטומטי,שחור,ליסינג,6 חודשים,"‏4,731 ₪",425000
297,ב.מ.וו iX3 IMPRESSIVE,2021,חשמלי,0,1,אוטומטי,שחור,ליסינג,6 חודשים,"‏4,731 ₪",425000
298,ב.מ.וו iX3 IMPRESSIVE,2021,חשמלי,0,1,אוטומטי,שחור,ליסינג,6 חודשים,"‏4,731 ₪",425000
299,ניסאן סנטרה SV,2021,1997 ליטר בנזין,0,1,אוטומטי,לבן,פרטית,4 חודשים,"‏1,811 ₪",129990
300,מאזדה 6 SIGNATURE,2021,2488 ליטר בנזין,0,1,אוטומטי,שחור,פרטית,3 חודשים,"‏2,417 ₪",195000
301,קיה ספורטז' TURBO TOP,2021,1591 ליטר בנזין,0,1,אוטומטי,לבן,פרטית,6 חודשים,"‏2,130 ₪",162000
302,שברולט ספארק LT PLUS,2021,1399 ליטר בנזין,0,1,אוטומטי,לבן,פרטית,3 חודשים,"‏1,235 ₪",83500
303,שברולט ספארק LT PLUS,2021,1399 ליטר בנזין,0,1,אוטומטי,לבן,פרטית,3 חודשים,"‏1,235 ₪",83500
304,שברולט ספארק LT PLUS,2021,1399 ליטר בנזין,0,1,אוטומטי,לבן,פרטית,3 חודשים,"‏1,235 ₪",83500
305,שברולט ספארק LT PLUS,2021,1399 ליטר בנזין,0,1,אוטומטי,לבן,פרטית,3 חודשים,"‏1,235 ₪",83500
306,שברולט ספארק LT PLUS,2021,1399 ליטר בנזין,0,1,אוטומטי,לבן,פרטית,3 חודשים,"‏1,235 ₪",83500
307,שברולט ספארק LT PLUS,2021,1399 ליטר בנזין,0,1,אוטומטי,לבן,פרטית,3 חודשים,"‏1,235 ₪",83500
308,שברולט ספארק LT PLUS,2021,1399 ליטר בנזין,0,1,אוטומטי,לבן,פרטית,3 חודשים,"‏1,235 ₪",83500
309,שברולט ספארק LT PLUS,2021,1399 ליטר בנזין,0,1,אוטומטי,לבן,פרטית,3 חודשים,"‏1,235 ₪",83500
310,דאצ'יה לוגאן LAUREATE,2018,1461 ליטר דיזל,"102,000",1,ידני,לבן,פרטית,3 חודשים,"‏1,102 ₪",45000
311,מרצדס GLA קלאס GLA200 PREMIUM FLT,2022,1332 ליטר בנזין,0,1,אוטומטי,לבן,פרטית,11 חודשים,"‏4,731 ₪",350000
312,קיה פיקנטו LX,2017,1248 ליטר בנזין,"67,000",2,אוטומטי,לבן,פרטית,3 חודשים,"‏1,102 ₪",56000
313,פיאט 500 1.2 LOUNGE,2013,1242 ליטר בנזין,"88,000",3,אוטומטי,לבן,פרטית,5 חודשים,"‏1,205 ₪",34900
314,מאזדה 6 SIGNATURE,2019,2488 ליטר בנזין,"90,000",1,אוטומטי,אפור כהה מטלי,ליסינג,5 חודשים,"‏2,417 ₪",157900
315,סקודה סופרב AMBITION,2018,1395 ליטר בנזין,"109,000",2,אוטומטי,קפה מטאלי,ליסינג,4 חודשים,"‏2,019 ₪",112900
316,טויוטה קורולה SUN,2019,1798 ליטר בנזין,"105,359",1,אוטומטי,לבן,ליסינג,3 חודשים,"‏1,811 ₪",102900
317,רנו גראנד קופה INTENSE,2019,1461 ליטר דיזל,"166,909",1,אוטומטי,אפור מטאלי,ליסינג,11 חודשים,"‏1,604 ₪",84900
318,דאצ'יה לוגאן LAUREATE,2016,1461 ליטר דיזל,"145,000",1,אוטומטי,לבן,חברה,10 חודשים,"‏1,102 ₪",36000
319,טויוטה יאריס HYBRID ECO,2018,1497 ליטר בנזין,"125,000",1,אוטומטי,לבן,ליסינג,9 חודשים,"‏1,353 ₪",75900
320,פורד אקספלורר LUXURY,2016,3497 ליטר בנזין,"105,000",2,אוטומטי,כסף מטלי,פרטית,2 חודשים,"‏3,357 ₪",169900
321,יונדאי I20 INSPIRE,2012,1396 ליטר בנזין,"177,000",3,אוטומטי,כסף,ליסינג,5 חודשים,"‏1,205 ₪",26900
322,סוזוקי איגניס GLX HYBRID,2020,1197 ליטר בנזין,"13,422",1,ידני,אפור מטאלי,פרטית,9 חודשים,"‏1,235 ₪",83900
323,ניסאן קשקאי VISIA,2015,1197 ליטר בנזין,"65,300",2,אוטומטי,אפור מטאלי,פרטית,9 חודשים,"‏1,584 ₪",77900
324,יונדאי גטס GLF,2007,1399 ליטר בנזין,"210,000",2,אוטומטי,כסף,ליסינג,3 חודשים,"‏1,074 ₪",11500
325,שברולט טראקס LT,2014,1796 ליטר בנזין,"134,000",1,אוטומטי,אפור,פרטית,3 חודשים,"‏1,424 ₪",46000
326,אאודי Q5 LUXURY,2009,1984 ליטר בנזין,"167,000",4,אוטומטי,אפור,פרטית,4 חודשים,"‏1,726 ₪",66900
327,סיאט ארונה FR,2020,999 ליטר בנזין,"19,016",1,אוטומטי,שחור,פרטית,5 חודשים,"‏1,529 ₪",119900
328,סיאט ארונה FR,2020,999 ליטר בנזין,"19,016",1,אוטומטי,שחור,פרטית,5 חודשים,"‏1,529 ₪",119900
329,קיה פורטה LX,2012,1591 ליטר בנזין,"137,000",2,אוטומטי,כסף מטלי,ליסינג,9 חודשים,"‏1,424 ₪",36900
330,ניסאן מיקרה VISIA,2016,1198 ליטר בנזין,"169,000",1,ידני,בורדו,פרטית,3 חודשים,"‏1,102 ₪",23000
331,ניסאן מיקרה VISIA,2016,1198 ליטר בנזין,"169,000",1,ידני,בורדו,פרטית,3 חודשים,"‏1,102 ₪",23000
332,יונדאי איוניק HYBRID PREMIUM,2019,1580 ליטר בנזין,"82,244",1,אוטומטי,כסוף,ליסינג,1 חודשים,"‏1,811 ₪",98900
333,פורשה פאנאמרה LUXURY,2011,3605 ליטר בנזין,"150,000",7,אוטומטי,לבן,פרטית,1 חודשים,"‏1,726 ₪",140000
334,רנו קליאו LIFE,2019,1197 ליטר בנזין,"45,850",1,אוטומטי,לבן,ליסינג,1 חודשים,"‏1,235 ₪",73250
335,מאזדה CX-30 EXECUTIVE,2022,1998 ליטר בנזין,0,1,אוטומטי,כחול,ייבוא אישי,11 חודשים,"‏2,130 ₪",167900
336,קיה סלטוס EX,2021,1999 ליטר בנזין,"1,971",1,אוטומטי,שחור,פרטית,6 חודשים,"‏1,811 ₪",141900
337,טויוטה אוריס HYBRID,2018,1798 ליטר בנזין,"104,021",1,אוטומטי,אפור מטאלי,פרטית,8 חודשים,"‏1,604 ₪",93900
338,טויוטה RAV4 EXPERIENCE,2020,1987 ליטר בנזין,"26,232",1,אוטומטי,לבן,פרטית,11 חודשים,"‏2,417 ₪",179900
339,מיני קופר S CHILLI,2018,1998 ליטר בנזין,"47,000",1,אוטומטי,אפור,פרטית,4 חודשים,"‏2,563 ₪",155000
340,הונדה ג'אז TREND,2019,1318 ליטר בנזין,"86,039",1,אוטומטי,לבן,ליסינג,11 חודשים,"‏1,353 ₪",79900
341,יונדאי איוניק HYBRID PREMIUM,2019,1580 ליטר בנזין,"141,819",1,אוטומטי,שחור,ליסינג,1 חודשים,"‏1,811 ₪",88900
342,יונדאי איוניק HYBRID PREMIUM,2019,1580 ליטר בנזין,"120,295",1,אוטומטי,אפור,ליסינג,1 חודשים,"‏1,811 ₪",91900
343,קיה נירו EX,2019,1580 ליטר בנזין,"130,037",1,אוטומטי,כסוף,ליסינג,11 חודשים,"‏1,604 ₪",97900
344,יונדאי טוסון PREMIUM,2016,1999 ליטר בנזין,"74,000",2,אוטומטי,אפור כהה מטלי,פרטית,3 חודשים,"‏1,835 ₪",93999
345,יונדאי טוסון PREMIUM,2016,1999 ליטר בנזין,"74,000",2,אוטומטי,אפור כהה מטלי,פרטית,3 חודשים,"‏1,835 ₪",93999
346,סקודה ראפיד AMBITION,2018,1395 ליטר בנזין,"150,000",1,אוטומטי,לבן,ליסינג,7 חודשים,"‏1,353 ₪",56500
347,סקודה ראפיד AMBITION,2018,1395 ליטר בנזין,"150,000",1,אוטומטי,לבן,ליסינג,7 חודשים,"‏1,353 ₪",56500
348,יונדאי IX35 SUPREME,2012,1998 ליטר בנזין,"143,000",3,אוטומטי,כסף,פרטית,10 חודשים,"‏1,693 ₪",57000
349,פיג'ו 301 ACTIVE,2017,1587 ליטר בנזין,"135,308",1,אוטומטי,כסוף,השכרה,1 חודשים,"‏1,353 ₪",43453
350,פיאט טיפו COMFORT,2018,1598 ליטר בנזין,"146,632",1,אוטומטי,אפור,ליסינג,1 חודשים,"‏1,353 ₪",51500
351,פיאט טיפו COMFORT,2018,1598 ליטר בנזין,"146,632",1,אוטומטי,אפור,ליסינג,1 חודשים,"‏1,353 ₪",51500
352,פיאט טיפו COMFORT,2018,1598 ליטר בנזין,"146,632",1,אוטומטי,אפור,ליסינג,1 חודשים,"‏1,353 ₪",51500
353,פיאט טיפו COMFORT,2018,1598 ליטר בנזין,"146,632",1,אוטומטי,אפור,ליסינג,1 חודשים,"‏1,353 ₪",51500
354,פיאט טיפו COMFORT,2018,1598 ליטר בנזין,"146,632",1,אוטומטי,אפור,ליסינג,1 חודשים,"‏1,353 ₪",51500
355,רנו גראנד קופה INTENSE,2018,1461 ליטר דיזל,"128,000",1,אוטומטי,אפור כהה מטלי,ליסינג,9 חודשים,"‏1,604 ₪",91900
356,סקודה אוקטביה AMBITION,2018,1395 ליטר בנזין,"92,000",2,אוטומטי,לבן,ליסינג,2 חודשים,"‏1,604 ₪",108000
357,סקודה קודיאק STYLE,2017,1984 ליטר בנזין,"105,000",2,אוטומטי,אפור בהיר מטלי,ליסינג,6 חודשים,"‏2,563 ₪",170000
358,טויוטה יאריס SOL,2009,1329 ליטר בנזין,"180,001",3,אוטומטי,לבן,ליסינג,6 חודשים,"‏1,074 ₪",26000
359,טויוטה יאריס SOL,2009,1329 ליטר בנזין,"180,001",3,אוטומטי,לבן,ליסינג,6 חודשים,"‏1,074 ₪",26000
360,פיג'ו 301 ACTIVE,2017,1587 ליטר בנזין,"137,560",1,אוטומטי,אפור,השכרה,1 חודשים,"‏1,353 ₪",43450
361,מיצובישי אקליפס קרוס INSTYLE,2018,1499 ליטר בנזין,"120,000",2,אוטומטי,כסוף כהה מטלי,ליסינג,6 חודשים,"‏1,835 ₪",125000
362,סקודה סופרב L AND K,2017,1984 ליטר בנזין,"96,000",3,אוטומטי,אפור כהה,ליסינג,12 חודשים,"‏2,563 ₪",144000
363,סקודה קודיאק EXCLUSIVE,2019,1968 ליטר דיזל,"45,000",1,אוטומטי,אפור כהה,חברה,11 חודשים,"‏2,563 ₪",204900
364,פיג'ו 308 COMFORT PLUS,2010,1598 ליטר בנזין,"140,000",5,אוטומטי,שחור מטלי,פרטית,1 חודשים,"‏1,262 ₪",18000
365,דאצ'יה סנדרו LAUREATE,2015,898 ליטר בנזין,"107,000",1,ידני,לבן,פרטית,5 חודשים,‏985 ₪,27000
366,רנו קפצ'ור INTENSE,2019,1197 ליטר בנזין,"19,000",1,אוטומטי,קרם,פרטית,4 חודשים,"‏1,811 ₪",87000
367,ניסאן ג'וק ACENTA,2015,1598 ליטר בנזין,"60,000",3,אוטומטי,צהוב מטאלי,פרטית,5 חודשים,"‏1,424 ₪",53000
368,רנו קנגו UTHENTIC 2SD,2016,1461 ליטר דיזל,"225,000",1,ידני,לבן,פרטית,3 חודשים,"‏1,604 ₪",34500
369,סיטרואן ברלינגו COMFORT PLUS,2018,1560 ליטר דיזל,"207,000",3,ידני,לבן,פרטית,11 חודשים,"‏1,604 ₪",63000
370,סיטרואן ברלינגו COMFORT PLUS,2018,1560 ליטר דיזל,"207,000",3,ידני,לבן,פרטית,11 חודשים,"‏1,604 ₪",63000
371,אופל אסטרה ENJOY,2011,1598 ליטר בנזין,"134,000",2,אוטומטי,לבן,ליסינג,2 חודשים,"‏1,262 ₪",19900
372,ב.מ.וו סדרה 5 530E iPERFORMANCE EXCLUSIVE,2017,1998 ליטר חשמל/בנזין,"50,000",1,אוטומטי,לבן,פרטית,4 חודשים,"‏3,357 ₪",299999
373,ב.מ.וו סדרה 5 530E iPERFORMANCE EXCLUSIVE,2017,1998 ליטר חשמל/בנזין,"50,000",1,אוטומטי,לבן,פרטית,4 חודשים,"‏3,357 ₪",299999
374,ב.מ.וו סדרה 5 530E iPERFORMANCE EXCLUSIVE,2017,1998 ליטר חשמל/בנזין,"50,000",1,אוטומטי,לבן,פרטית,4 חודשים,"‏3,357 ₪",299999
375,יונדאי איוניק HYBRID PREMIUM,2019,1580 ליטר בנזין,"68,508",1,אוטומטי,כסוף,ליסינג,5 חודשים,"‏1,811 ₪",99900
376,מיצובישי אאוטלנדר INTENSE,2018,1998 ליטר בנזין,"162,180",1,אוטומטי,לבן,ליסינג,8 חודשים,"‏2,019 ₪",114900
377,טויוטה RAV4 HYBRID PREMIUM,2016,2494 ליטר בנזין,"117,000",1,אוטומטי,שחור מטלי,פרטית,5 חודשים,"‏2,019 ₪",119900
378,פולקסווגן גולף HIGHLINE,2010,1390 ליטר בנזין,"175,000",3,אוטומטי,שחור,פרטית,6 חודשים,"‏1,427 ₪",36000
379,יונדאי טוסון LUXURY,2021,1598 ליטר בנזין,"5,000",1,אוטומטי,שחור מטלי,פרטית,3 חודשים,"‏2,417 ₪",169900
380,ניסאן מיקרה VISIA,2018,1198 ליטר בנזין,"88,000",1,אוטומטי,כסף,ליסינג,8 חודשים,"‏1,102 ₪",49900
381,ב.מ.וו סדרה 5 530E iPERFORMANCE EXCLUSIVE,2018,1998 ליטר חשמל/בנזין,"49,586",4,אוטומטי,אפור מטל,פרטית,4 חודשים,"‏3,357 ₪",315000
382,טויוטה פרואייס LONG,2017,1997 ליטר דיזל,"166,000",1,ידני,לבן,ליסינג,5 חודשים,"‏2,563 ₪",150000
383,טויוטה פרואייס LONG,2017,1997 ליטר דיזל,"166,000",1,ידני,לבן,ליסינג,5 חודשים,"‏2,563 ₪",150000
384,יונדאי טוסון OPEN SKY,2016,1999 ליטר בנזין,"120,000",3,אוטומטי,שחור,פרטית,1 חודשים,"‏2,019 ₪",100000
385,קאדילאק ATS LUXURY,2019,1998 ליטר בנזין,"45,000",2,אוטומטי,לבן,פרטית,2 חודשים,"‏3,366 ₪",189900
386,טויוטה RAV4 HYBRID E-MOTION,2019,2487 ליטר בנזין,"94,000",2,אוטומטי,לבן,פרטית,5 חודשים,"‏2,417 ₪",195000
387,טויוטה RAV4 HYBRID E-MOTION,2019,2487 ליטר בנזין,"94,000",2,אוטומטי,לבן,פרטית,5 חודשים,"‏2,417 ₪",195000
388,טויוטה RAV4 HYBRID E-MOTION,2019,2487 ליטר בנזין,"94,000",2,אוטומטי,לבן,פרטית,5 חודשים,"‏2,417 ₪",195000
389,טויוטה RAV4 HYBRID E-MOTION,2019,2487 ליטר בנזין,"94,000",2,אוטומטי,לבן,פרטית,5 חודשים,"‏2,417 ₪",195000
390,קיה נירו PHEV LX,2020,1580 ליטר חשמל/בנזין,"76,978",1,אוטומטי,לבן,ליסינג,6 חודשים,"‏2,130 ₪",132900
391,קיה נירו PHEV LX,2020,1580 ליטר חשמל/בנזין,"76,978",1,אוטומטי,לבן,ליסינג,6 חודשים,"‏2,130 ₪",132900
392,פיג'ו 301 ACTIVE,2016,1199 ליטר בנזין,"68,000",3,אוטומטי,לבן,פרטית,4 חודשים,"‏1,102 ₪",34900
393,איסוזו D-Max S,2018,1898 ליטר דיזל,"62,000",1,ידני,לבן,ליסינג,2 חודשים,"‏2,563 ₪",157000
394,מאזדה 3 COMFORT,2017,1998 ליטר בנזין,"132,000",2,אוטומטי,לבן,פרטית,7 חודשים,"‏1,604 ₪",83000
395,קיה פיקנטו LX,2018,1248 ליטר בנזין,"53,000",2,אוטומטי,כסף מטלי,פרטית,8 חודשים,"‏1,102 ₪",59500
396,קיה פיקנטו LX,2018,1248 ליטר בנזין,"53,000",2,אוטומטי,כסף מטלי,פרטית,8 חודשים,"‏1,102 ₪",59500
397,קיה פיקנטו LX,2019,1248 ליטר בנזין,"82,961",1,אוטומטי,כסוף,השכרה,2 חודשים,"‏1,235 ₪",73938
398,טויוטה קורולה SUN,2019,1798 ליטר בנזין,"79,596",1,אוטומטי,שחור מטאלי,ליסינג,1 חודשים,"‏1,811 ₪",107000
399,טויוטה יאריס HYBRID,2013,1497 ליטר בנזין,"169,000",1,אוטומטי,לבן,פרטית,1 חודשים,"‏1,205 ₪",49900
400,קיה פיקנטו LX,2022,1197 ליטר בנזין,1,1,אוטומטי,כסף,ליסינג,11 חודשים,"‏1,235 ₪",86500
401,מרצדס CLA קלאס CLA250,2020,1991 ליטר בנזין,"24,000",2,אוטומטי,שחור,פרטית,4 חודשים,"‏4,731 ₪",294000
402,לקסוס IS 300H EXECUTIVE 2,2017,2494 ליטר בנזין,"92,000",2,אוטומטי,לבן,פרטית,7 חודשים,"‏2,563 ₪",136900
403,מרצדס GLE 400 4MATIC COUPE AMG,2018,2996 ליטר בנזין,"38,000",1,אוטומטי,לבן,פרטית,4 חודשים,"‏3,357 ₪",429000
404,ניסאן מיקרה VISIA,2011,1198 ליטר בנזין,"165,000",1,אוטומטי,לבן,פרטית,2 חודשים,‏880 ₪,22999
405,ניסאן מיקרה VISIA,2011,1198 ליטר בנזין,"165,000",1,אוטומטי,לבן,פרטית,2 חודשים,‏880 ₪,22999
406,קיה פיקנטו LX,2019,1248 ליטר בנזין,"40,000",1,אוטומטי,לבן,פרטית,1 חודשים,"‏1,235 ₪",65000
407,טויוטה פריוס HYBRID GLI,2008,1497 ליטר בנזין,"228,000",3,אוטומטי,אפור כהה מטלי,פרטית,4 חודשים,"‏1,369 ₪",25000
408,טויוטה פריוס HYBRID GLI,2008,1497 ליטר בנזין,"228,000",3,אוטומטי,אפור כהה מטלי,פרטית,4 חודשים,"‏1,369 ₪",25000
409,מיצובישי אטראז INSTYLE,2016,1193 ליטר בנזין,"185,254",1,אוטומטי,לבן,ליסינג,4 חודשים,"‏1,102 ₪",37974
410,מיצובישי אטראז INSTYLE,2016,1193 ליטר בנזין,"185,254",1,אוטומטי,לבן,ליסינג,4 חודשים,"‏1,102 ₪",37974
411,מיצובישי אטראז INSTYLE,2016,1193 ליטר בנזין,"185,254",1,אוטומטי,לבן,ליסינג,4 חודשים,"‏1,102 ₪",37974
412,סקודה סופרב AMBITION,2017,1395 ליטר בנזין,"165,000",2,אוטומטי,לבן,ליסינג,4 חודשים,"‏2,019 ₪",98000
413,סקודה סופרב AMBITION,2017,1395 ליטר בנזין,"165,000",2,אוטומטי,לבן,ליסינג,4 חודשים,"‏2,019 ₪",98000
414,סקודה סופרב AMBITION,2017,1395 ליטר בנזין,"165,000",2,אוטומטי,לבן,ליסינג,4 חודשים,"‏2,019 ₪",98000
415,טויוטה לנד קרוזר SELECT,2016,2755 ליטר דיזל,"224,000",1,אוטומטי,אפור כהה מטלי,פרטית,12 חודשים,"‏2,397 ₪",260000
416,רנו קליאו LIFE,2016,1197 ליטר בנזין,"131,000",3,אוטומטי,לבן,ליסינג,1 חודשים,"‏1,102 ₪",39000
417,שברולט ספארק LT,2018,1399 ליטר בנזין,"78,000",1,אוטומטי,כסוף בהיר,ליסינג,1 חודשים,"‏1,102 ₪",51900
418,קיה קרניבל EX,2017,3342 ליטר בנזין,"137,000",1,אוטומטי,אפור כהה,פרטית,4 חודשים,"‏2,563 ₪",149770
419,קיה קרניבל EX,2017,3342 ליטר בנזין,"137,000",1,אוטומטי,אפור כהה,פרטית,4 חודשים,"‏2,563 ₪",149770
420,פיג'ו 508 ACTIVE,2015,1598 ליטר בנזין,"149,900",3,אוטומטי,כחול מטל,פרטית,9 חודשים,"‏1,693 ₪",47999
421,יונדאי טוסון OPEN SKY,2017,1999 ליטר בנזין,"69,000",1,אוטומטי,לבן,פרטית,2 חודשים,"‏2,019 ₪",121900
422,שברולט קפטיבה LT,2010,1991 ליטר דיזל,"248,000",4,אוטומטי,בז מטאלי,פרטית,8 חודשים,"‏1,508 ₪",29900
423,פורשה מקאן S LUXURY,2015,2997 ליטר בנזין,"60,000",1,אוטומטי,כסוף כהה מטלי,פרטית,4 חודשים,"‏2,397 ₪",295000
424,פורשה מקאן S LUXURY,2015,2997 ליטר בנזין,"60,000",1,אוטומטי,כסוף כהה מטלי,פרטית,4 חודשים,"‏2,397 ₪",295000
425,טויוטה קורולה SUN,2019,1798 ליטר בנזין,"113,396",1,אוטומטי,לבן,ליסינג,1 חודשים,"‏1,811 ₪",105000
426,SERES E3 EV,2021,חשמלי,"7,000",2,אוטומטי,לבן,פרטית,4 חודשים,"‏1,811 ₪",134000
427,מרצדס CLS קלאס CLS350 COUPE,2014,3498 ליטר בנזין,"176,000",1,אוטומטי,לבן,פרטית,2 חודשים,"‏2,397 ₪",190000
428,פיג'ו 2008 ACTIVE GO,2019,1199 ליטר בנזין,"86,100",1,אוטומטי,לבן,ליסינג,1 חודשים,"‏1,529 ₪",85488
429,איסוזו D-Max S,2014,2499 ליטר דיזל,"380,000",3,אוטומטי,שחור,פרטית,2 חודשים,"‏1,962 ₪",112000
430,ניסאן X TRAIL ACENTA,2018,1598 ליטר דיזל,"135,000",2,אוטומטי,שחור מטלי,פרטית,3 חודשים,"‏2,019 ₪",113900
431,ניסאן X TRAIL ACENTA,2018,1598 ליטר דיזל,"135,000",2,אוטומטי,שחור מטלי,פרטית,3 חודשים,"‏2,019 ₪",113900
432,מיצובישי אטראז INSTYLE,2016,1193 ליטר בנזין,"194,165",1,אוטומטי,כסוף,ליסינג,4 חודשים,"‏1,102 ₪",37460
433,פורד מוסטנג GT PREMIUM,2021,5038 ליטר בנזין,"13,000",1,אוטומטי,לבן,פרטית,3 חודשים,"‏3,366 ₪",400000
434,פורד מוסטנג GT PREMIUM,2021,5038 ליטר בנזין,"13,000",1,אוטומטי,לבן,פרטית,3 חודשים,"‏3,366 ₪",400000
435,מרצדס GLC 350E PREMIUM DS E,2017,1991 ליטר חשמל/בנזין,"94,000",2,אוטומטי,לבן,פרטית,6 חודשים,"‏3,357 ₪",269000
436,מרצדס GLE 350D 4MATIC COUPE AMG SB,2019,2987 ליטר דיזל,"70,000",1,אוטומטי,לבן,פרטית,5 חודשים,"‏4,731 ₪",500000
437,מרצדס GLE 350D 4MATIC COUPE AMG SB,2019,2987 ליטר דיזל,"70,000",1,אוטומטי,לבן,פרטית,5 חודשים,"‏4,731 ₪",500000
438,קיה נירו EX,2017,1580 ליטר בנזין,"135,000",1,אוטומטי,שחור,השכרה,1 חודשים,"‏1,604 ₪",82900
439,ניסאן X TRAIL VISIA,2016,1598 ליטר דיזל,"98,000",1,אוטומטי,לבן,פרטית,8 חודשים,"‏2,019 ₪",109900
440,ב.מ.וו X1 XDRIVE25E M-SPORT,2021,1499 ליטר חשמל/בנזין,0,1,אוטומטי,לבן,פרטית,6 חודשים,"‏4,731 ₪",324661
441,פורד פוקוס TREND,2016,1498 ליטר בנזין,"133,000",2,אוטומטי,שחור מטלי,ליסינג,2 חודשים,"‏1,604 ₪",36000
442,סיטרואן C3 PICASSO COMFORT,2017,1560 ליטר דיזל,"117,000",3,ידני,לבן,פרטית,5 חודשים,"‏1,102 ₪",40000
443,סיטרואן C3 PICASSO COMFORT,2017,1560 ליטר דיזל,"117,000",3,ידני,לבן,פרטית,5 חודשים,"‏1,102 ₪",40000
444,סיטרואן C3 PICASSO COMFORT,2017,1560 ליטר דיזל,"117,000",3,ידני,לבן,פרטית,5 חודשים,"‏1,102 ₪",40000
445,מרצדס A קלאס A180 URBAN,2017,1595 ליטר בנזין,"97,000",2,אוטומטי,שחור,פרטית,3 חודשים,"‏2,563 ₪",128900
446,מיני קופר PURE LED,2015,1499 ליטר בנזין,"98,000",2,אוטומטי,קרם,פרטית,3 חודשים,"‏1,962 ₪",89900
447,פולקסווגן ג'טה TRENDLINE,2012,1197 ליטר בנזין,"147,000",2,אוטומטי,לבן,פרטית,2 חודשים,"‏1,424 ₪",38900
448,קיה פיקנטו LX,2018,1248 ליטר בנזין,"128,316",1,אוטומטי,כסוף,ליסינג,5 חודשים,"‏1,102 ₪",61724
449,אלפא רומיאו מיטו SPRINT,2013,1368 ליטר בנזין,"91,000",2,אוטומטי,לבן,פרטית,5 חודשים,"‏1,584 ₪",47000
450,אלפא רומיאו מיטו SPRINT,2013,1368 ליטר בנזין,"91,000",2,אוטומטי,לבן,פרטית,5 חודשים,"‏1,584 ₪",47000
451,מיצובישי אאוטלנדר INSTYLE,2013,1998 ליטר בנזין,"185,000",3,אוטומטי,אפור,פרטית,9 חודשים,"‏1,693 ₪",69000
452,יונדאי סנטה פה ELITE,2016,2359 ליטר בנזין,"50,000",1,אוטומטי,שחור,פרטית,1 חודשים,"‏2,563 ₪",154000
453,יונדאי I30 PREMIUM,2016,1591 ליטר בנזין,"140,000",3,אוטומטי,לבן,פרטית,1 חודשים,"‏1,604 ₪",60000
454,סקודה קארוק AMBITION,2018,999 ליטר בנזין,"143,000",1,אוטומטי,אפור בהיר מטלי,פרטית,6 חודשים,"‏1,604 ₪",110000
455,רנו מגאן ZEN SRF,2019,1461 ליטר דיזל,"36,200",1,אוטומטי,לבן,פרטית,3 חודשים,"‏1,811 ₪",112400
456,רנו מגאן ZEN SRF,2019,1461 ליטר דיזל,"36,200",1,אוטומטי,לבן,פרטית,3 חודשים,"‏1,811 ₪",112400
457,ג'יפ גראנד צ'ירוקי LAREDO,2017,2987 ליטר דיזל,"177,000",1,אוטומטי,לבן,פרטית,6 חודשים,"‏3,357 ₪",216000
458,ג'יפ גראנד צ'ירוקי LAREDO,2017,2987 ליטר דיזל,"177,000",1,אוטומטי,לבן,פרטית,6 חודשים,"‏3,357 ₪",216000
459,שברולט סוניק LT,2017,1398 ליטר בנזין,"79,000",1,אוטומטי,לבן,פרטית,1 חודשים,"‏1,353 ₪",40000
460,ניסאן קשקאי ACENTA,2010,1997 ליטר בנזין,"193,000",3,אוטומטי,כחול כהה,פרטית,11 חודשים,"‏1,427 ₪",34500
461,ניסאן קשקאי ACENTA,2010,1997 ליטר בנזין,"193,000",3,אוטומטי,כחול כהה,פרטית,11 חודשים,"‏1,427 ₪",34500
462,ניסאן קשקאי ACENTA,2010,1997 ליטר בנזין,"193,000",3,אוטומטי,כחול כהה,פרטית,11 חודשים,"‏1,427 ₪",34500
463,איסוזו D-Max LS PREMIUM,2021,1898 ליטר דיזל,100,1,אוטומטי,לבן,ליסינג,6 חודשים,"‏3,366 ₪",265000
464,ב.מ.וו X4 XDRIVE 20D SPORT,2015,1995 ליטר דיזל,"81,000",4,ידני,לבן,פרטית,4 חודשים,"‏2,397 ₪",151000
465,מאזדה 5 EXECUTIVE,2010,1999 ליטר בנזין,"192,000",2,אוטומטי,כחול,ליסינג,5 חודשים,"‏1,427 ₪",33000
466,פיג'ו 208 ACCESS,2017,1199 ליטר בנזין,"123,262",1,אוטומטי,אדום,השכרה,11 חודשים,"‏1,102 ₪",47510
467,פיג'ו 208 ACCESS,2017,1199 ליטר בנזין,"123,262",1,אוטומטי,אדום,השכרה,11 חודשים,"‏1,102 ₪",47510
468,פיג'ו 208 ACCESS,2017,1199 ליטר בנזין,"123,262",1,אוטומטי,אדום,השכרה,11 חודשים,"‏1,102 ₪",47510
469,פיג'ו 208 ACCESS,2017,1199 ליטר בנזין,"123,262",1,אוטומטי,אדום,השכרה,11 חודשים,"‏1,102 ₪",47510
470,פיג'ו 208 ACCESS,2017,1199 ליטר בנזין,"123,262",1,אוטומטי,אדום,השכרה,11 חודשים,"‏1,102 ₪",47510
471,סקודה סופרב STYLE,2018,1798 ליטר בנזין,"126,000",1,אוטומטי,כסף מטלי,ליסינג,8 חודשים,"‏2,019 ₪",125500
472,מיצובישי אאוטלנדר INSTYLE,2018,1998 ליטר בנזין,"59,000",2,אוטומטי,לבן,פרטית,3 חודשים,"‏2,019 ₪",125000
473,לקסוס IS 300H PREMIUM 2,2017,2494 ליטר בנזין,"118,000",1,אוטומטי,לבן,פרטית,1 חודשים,"‏2,563 ₪",136000
474,אאודי Q5 OFF ROAD,2018,1968 ליטר דיזל,"100,000",2,אוטומטי,לבן,פרטית,1 חודשים,"‏3,357 ₪",245000
475,אאודי Q5 OFF ROAD,2018,1968 ליטר דיזל,"100,000",2,אוטומטי,לבן,פרטית,1 חודשים,"‏3,357 ₪",245000
476,ב.מ.וו X2 SDRIVE 18I VIBE,2021,1499 ליטר בנזין,0,1,אוטומטי,שחור,פרטית,2 חודשים,"‏3,366 ₪",250000
477,ב.מ.וו X2 SDRIVE 18I VIBE,2021,1499 ליטר בנזין,0,1,אוטומטי,שחור,פרטית,2 חודשים,"‏3,366 ₪",250000
478,פיג'ו 208 ACCESS,2017,1199 ליטר בנזין,"109,000",1,אוטומטי,אפור כהה,השכרה,1 חודשים,"‏1,102 ₪",42000
479,סקודה ראפיד AMBITION,2018,999 ליטר בנזין,"141,000",1,אוטומטי,כסף מטלי,ליסינג,2 חודשים,"‏1,353 ₪",56000
480,מרצדס E קלאס E300 E EDITION SB E,2019,1991 ליטר חשמל/בנזין,"54,000",2,אוטומטי,שחור,פרטית,6 חודשים,"‏4,731 ₪",299900
481,סקודה קודיאק AMBITION,2017,1395 ליטר בנזין,"118,000",1,אוטומטי,כסף מטלי,פרטית,6 חודשים,"‏2,019 ₪",128000
482,מרצדס CLA קלאס CLA180,2020,1332 ליטר בנזין,"20,000",1,אוטומטי,לבן,פרטית,4 חודשים,"‏3,366 ₪",250000
483,מרצדס CLA קלאס CLA180,2020,1332 ליטר בנזין,"20,000",1,אוטומטי,לבן,פרטית,4 חודשים,"‏3,366 ₪",250000
484,מרצדס CLA קלאס CLA180,2020,1332 ליטר בנזין,"20,000",1,אוטומטי,לבן,פרטית,4 חודשים,"‏3,366 ₪",250000
485,פולקסווגן גולף GTI,2014,1984 ליטר בנזין,"154,390",2,אוטומטי,שחור מטלי,פרטית,4 חודשים,"‏1,962 ₪",120000
486,סקודה קארוק EXCLUSIVE,2018,1498 ליטר בנזין,"85,000",1,אוטומטי,אפור כהה,פרטית,6 חודשים,"‏2,019 ₪",154000
487,פיג'ו 301 ACTIVE,2015,1199 ליטר בנזין,"141,000",2,אוטומטי,לבן,ליסינג,4 חודשים,‏985 ₪,23000
488,ב.מ.וו סדרה 7 745LE M SPORT,2021,2998 ליטר חשמל/בנזין,"11,000",2,אוטומטי,לבן,פרטית,10 חודשים,"‏4,731 ₪",620000
489,ב.מ.וו סדרה 7 745LE M SPORT,2021,2998 ליטר חשמל/בנזין,"11,000",2,אוטומטי,לבן,פרטית,10 חודשים,"‏4,731 ₪",620000
490,יונדאי סונטה HYBRID LIMITED,2016,1999 ליטר בנזין,"160,000",2,אוטומטי,אפור מטל,ליסינג,4 חודשים,"‏2,019 ₪",100000
491,ב.מ.וו סדרה 5 530E M-SUPERIOR,2021,1998 ליטר חשמל/בנזין,0,1,אוטומטי,שחור,ליסינג,3 חודשים,"‏4,731 ₪",554900
492,קיה פיקנטו SPORT,2015,1248 ליטר בנזין,"128,000",2,ידני,לבן,פרטית,3 חודשים,‏985 ₪,41900
493,ניסאן סנטרה SR,2019,1798 ליטר בנזין,"99,000",1,אוטומטי,לבן,השכרה,2 חודשים,"‏1,811 ₪",75000
494,סקודה אוקטביה AMBITION,2016,1395 ליטר בנזין,"140,630",2,אוטומטי,קפה מטאלי,ליסינג,2 חודשים,"‏1,604 ₪",68000
495,סקודה אוקטביה AMBITION,2016,1395 ליטר בנזין,"140,630",2,אוטומטי,קפה מטאלי,ליסינג,2 חודשים,"‏1,604 ₪",68000
496,מיצובישי L-200 DAKAR,2021,2268 ליטר דיזל,0,1,אוטומטי,שחור,פרטית,6 חודשים,"‏3,366 ₪",255000
497,סוזוקי גרנד ויטרה JLX,2008,1995 ליטר בנזין,"298,000",5,אוטומטי,בז,פרטית,7 חודשים,"‏1,427 ₪",40000
498,ב.מ.וו X1 SDRIVE 18I BUSINESS,2020,1499 ליטר בנזין,"18,000",3,אוטומטי,לבן,פרטית,4 חודשים,"‏3,366 ₪",225000
499,אאודי TT DESIGN,2019,1984 ליטר בנזין,"50,000",1,אוטומטי,לבן,פרטית,10 חודשים,"‏4,731 ₪",255000
500,קיה פורטה LX,2015,1591 ליטר בנזין,"149,000",1,אוטומטי,לבן,ליסינג,2 חודשים,"‏1,424 ₪",44000
501,יונדאי טוסון PANORAMIC,2018,1999 ליטר בנזין,"182,000",1,אוטומטי,לבן,ליסינג,12 חודשים,"‏1,835 ₪",110000
502,מרצדס E קלאס E300 E AMG EDITION,2021,1991 ליטר חשמל/בנזין,"20,000",1,אוטומטי,שחור,פרטית,2 חודשים,"‏4,731 ₪",380000
503,מרצדס E קלאס E300 E AMG EDITION,2021,1991 ליטר חשמל/בנזין,"20,000",1,אוטומטי,שחור,פרטית,2 חודשים,"‏4,731 ₪",380000
504,אאודי A3 SHARP SPR,2017,1984 ליטר בנזין,"65,000",1,אוטומטי,לבן,פרטית,5 חודשים,"‏2,563 ₪",152000
505,טויוטה אוריס HYBRID TS TSS,2018,1798 ליטר בנזין,"141,000",1,אוטומטי,כסף מטלי,ליסינג,3 חודשים,"‏1,604 ₪",77500
506,פיאט 500 1.2 CONVERTIBILE,2011,1242 ליטר בנזין,"147,000",1,ידני,שחור,פרטית,4 חודשים,"‏1,262 ₪",25000
507,פולקסווגן פאסאט COMFORTLINE,2011,1798 ליטר בנזין,"80,000",3,אוטומטי,אפור מטל,פרטית,1 חודשים,"‏1,427 ₪",42900
508,פולקסווגן פאסאט COMFORTLINE,2011,1798 ליטר בנזין,"80,000",3,אוטומטי,אפור מטל,פרטית,1 חודשים,"‏1,427 ₪",42900
509,שברולט אימפלה LTZ,2017,3564 ליטר בנזין,"85,000",2,אוטומטי,לבן,ליסינג,6 חודשים,"‏2,563 ₪",129000
510,שברולט אימפלה LTZ,2017,3564 ליטר בנזין,"85,000",2,אוטומטי,לבן,ליסינג,6 חודשים,"‏2,563 ₪",129000
511,שברולט אימפלה LTZ,2017,3564 ליטר בנזין,"85,000",2,אוטומטי,לבן,ליסינג,6 חודשים,"‏2,563 ₪",129000
512,קיה פיקנטו LX,2021,1248 ליטר בנזין,0,1,אוטומטי,כסף מטלי,פרטית,2 חודשים,"‏1,235 ₪",83500
513,קיה פיקנטו LX,2021,1248 ליטר בנזין,0,1,אוטומטי,כסף מטלי,פרטית,2 חודשים,"‏1,235 ₪",83500
514,קיה פיקנטו LX,2021,1248 ליטר בנזין,0,1,אוטומטי,לבן,פרטית,2 חודשים,"‏1,235 ₪",83500
515,קיה פיקנטו LX,2021,1248 ליטר בנזין,0,1,אוטומטי,לבן,פרטית,2 חודשים,"‏1,235 ₪",83500
516,קיה פיקנטו LX,2021,1248 ליטר בנזין,0,1,אוטומטי,לבן,פרטית,2 חודשים,"‏1,235 ₪",83500
517,קיה פיקנטו LX,2021,1248 ליטר בנזין,0,1,אוטומטי,לבן,פרטית,2 חודשים,"‏1,235 ₪",83500
518,קיה פיקנטו LX,2021,1248 ליטר בנזין,0,1,אוטומטי,לבן,פרטית,2 חודשים,"‏1,235 ₪",83500
519,קיה פיקנטו LX,2021,1248 ליטר בנזין,0,1,אוטומטי,לבן,פרטית,2 חודשים,"‏1,235 ₪",83500
520,מרצדס S קלאס S 560 E AMG,2021,2996 ליטר חשמל/בנזין,"15,000",2,אוטומטי,שחור,ליסינג,1 חודשים,"‏4,731 ₪",799000
521,טויוטה קורולה סטיישן SPACE,2019,1798 ליטר בנזין,"92,000",1,אוטומטי,כסף מטלי,ליסינג,4 חודשים,"‏1,811 ₪",93000
522,טויוטה קורולה סטיישן SPACE,2019,1798 ליטר בנזין,"92,000",1,אוטומטי,כסף מטלי,ליסינג,4 חודשים,"‏1,811 ₪",93000
523,טויוטה קורולה סטיישן SPACE,2019,1798 ליטר בנזין,"92,000",1,אוטומטי,כסף מטלי,ליסינג,4 חודשים,"‏1,811 ₪",93000
524,קיה ספורטז' TURBO TOP,2021,1591 ליטר בנזין,0,1,אוטומטי,לבן,חברה,2 חודשים,"‏2,130 ₪",168000
525,ב.מ.וו סדרה 5 530E M-SUPERIOR,2021,1998 ליטר חשמל/בנזין,0,1,אוטומטי,שחור,ליסינג,3 חודשים,"‏4,731 ₪",550000
526,ב.מ.וו סדרה 5 530E M-SUPERIOR,2021,1998 ליטר חשמל/בנזין,0,1,אוטומטי,שחור,ליסינג,3 חודשים,"‏4,731 ₪",550000
527,ב.מ.וו סדרה 5 530E M-SUPERIOR,2021,1998 ליטר חשמל/בנזין,0,1,אוטומטי,שחור,ליסינג,3 חודשים,"‏4,731 ₪",550000
528,ב.מ.וו סדרה 3 318I BUSINESS,2021,1998 ליטר בנזין,0,1,אוטומטי,שחור,ליסינג,1 חודשים,"‏3,366 ₪",250000
529,מאזדה 3,2021,1998 ליטר בנזין,0,1,אוטומטי,לבן,ליסינג,1 חודשים,"‏2,130 ₪",144000
530,קיה פיקנטו EX,2018,1248 ליטר בנזין,"46,000",1,אוטומטי,אדום,פרטית,11 חודשים,"‏1,102 ₪",64000
531,קיה פיקנטו EX,2018,1248 ליטר בנזין,"46,000",1,אוטומטי,אדום,פרטית,11 חודשים,"‏1,102 ₪",64000
532,קיה סטוניק LX,2020,1368 ליטר בנזין,"48,722",1,אוטומטי,שחור,פרטית,7 חודשים,"‏1,529 ₪",99900
533,ב.מ.וו סדרה 5 530E iPERFORMANCE BUSINESS,2020,1998 ליטר חשמל/בנזין,"16,000",2,אוטומטי,לבן,פרטית,7 חודשים,"‏4,731 ₪",285000
534,יונדאי I35 INSPIRE,2014,1591 ליטר בנזין,"130,000",3,אוטומטי,כחול פנינה,ליסינג,3 חודשים,"‏1,424 ₪",49500
535,יונדאי I35 INSPIRE,2014,1591 ליטר בנזין,"130,000",3,אוטומטי,כחול פנינה,ליסינג,3 חודשים,"‏1,424 ₪",49500
536,טויוטה אוריס HYBRID TS,2019,1798 ליטר בנזין,"119,000",1,אוטומטי,לבן,ליסינג,11 חודשים,"‏1,604 ₪",82900
537,יונדאי איוניק HYBRID PREMIUM,2019,1580 ליטר בנזין,"138,000",1,אוטומטי,לבן,ליסינג,10 חודשים,"‏1,811 ₪",92900
538,סקודה קארוק STYLE,2019,1498 ליטר בנזין,"94,165",1,אוטומטי,לבן,ליסינג,5 חודשים,"‏2,130 ₪",126900
539,סקודה קארוק STYLE,2019,1498 ליטר בנזין,"94,165",1,אוטומטי,לבן,ליסינג,5 חודשים,"‏2,130 ₪",126900
540,פורד אדג' TITANIUM,2018,1999 ליטר בנזין,"90,000",2,אוטומטי,שחור,ליסינג,11 חודשים,"‏2,563 ₪",159000
541,הונדה ג'אז TREND,2019,1318 ליטר בנזין,"76,738",1,אוטומטי,אפור,ליסינג,10 חודשים,"‏1,529 ₪",88000
542,מאזדה CX-5 EXECUTIVE,2015,1998 ליטר בנזין,"117,000",2,אוטומטי,לבן,ליסינג,8 חודשים,"‏1,693 ₪",84000
543,טויוטה קורולה SUN,2018,1598 ליטר בנזין,"169,000",1,אוטומטי,לבן,ליסינג,11 חודשים,"‏1,604 ₪",80000
544,טויוטה קורולה SUN,2018,1598 ליטר בנזין,"169,000",1,אוטומטי,לבן,ליסינג,11 חודשים,"‏1,604 ₪",80000
545,פולקסווגן גולף TRENDLINE,2017,1395 ליטר בנזין,"132,000",1,אוטומטי,לבן,השכרה,3 חודשים,"‏1,604 ₪",68500
546,קיה פיקנטו EX,2018,1248 ליטר בנזין,"74,000",1,אוטומטי,לבן,השכרה,8 חודשים,"‏1,102 ₪",63000
547,סוזוקי בלנו GLX,2018,1242 ליטר בנזין,"36,523",1,אוטומטי,לבן,פרטית,8 חודשים,"‏1,102 ₪",84900
548,שברולט טרוורס LS,2018,3564 ליטר בנזין,"83,000",2,אוטומטי,כסוף מטאלי,פרטית,1 חודשים,"‏2,563 ₪",169000
549,איסוזו D-Max S,2014,2499 ליטר דיזל,"170,000",2,ידני,לבן,פרטית,2 חודשים,"‏1,962 ₪",111500
550,יונדאי איוניק HYBRID PREMIUM,2019,1580 ליטר בנזין,"98,815",1,אוטומטי,לבן,ליסינג,2 חודשים,"‏1,811 ₪",95900
551,מרצדס GLC COUPE 350E AMG,2021,1991 ליטר חשמל/בנזין,"20,000",1,אוטומטי,לבן,פרטית,1 חודשים,"‏4,731 ₪",480000
552,יונדאי טוסון PRIME,2017,1591 ליטר בנזין,"106,449",1,אוטומטי,לבן,פרטית,3 חודשים,"‏1,604 ₪",93900
553,קיה סורנטו PREMIUM,2016,2359 ליטר בנזין,"125,000",2,אוטומטי,כסף,פרטית,3 חודשים,"‏2,563 ₪",137000
554,קיה סורנטו URBAN,2018,2359 ליטר בנזין,"145,000",1,אוטומטי,לבן,פרטית,3 חודשים,"‏2,019 ₪",138000
555,קיה סורנטו URBAN,2018,2359 ליטר בנזין,"145,000",1,אוטומטי,לבן,פרטית,3 חודשים,"‏2,019 ₪",138000
556,יונדאי טוסון PANORAMIC,2021,1598 ליטר בנזין,"15,086",1,אוטומטי,אפור,ליסינג,6 חודשים,"‏2,417 ₪",164900
557,יונדאי I30 INSPIRE,2010,1591 ליטר בנזין,"143,000",2,אוטומטי,כחול בהיר,ליסינג,5 חודשים,"‏1,262 ₪",26000
558,יונדאי I30 INSPIRE,2010,1591 ליטר בנזין,"143,000",2,אוטומטי,כחול בהיר,ליסינג,5 חודשים,"‏1,262 ₪",26000
559,יונדאי I30 INSPIRE,2010,1591 ליטר בנזין,"143,000",2,אוטומטי,כחול בהיר,ליסינג,5 חודשים,"‏1,262 ₪",26000
560,יונדאי I30 INSPIRE,2010,1591 ליטר בנזין,"143,000",2,אוטומטי,כחול בהיר,ליסינג,5 חודשים,"‏1,262 ₪",26000
561,יונדאי I30 INSPIRE,2010,1591 ליטר בנזין,"143,000",2,אוטומטי,כחול בהיר,ליסינג,5 חודשים,"‏1,262 ₪",26000
562,יונדאי I30 INSPIRE,2012,1591 ליטר בנזין,"205,000",2,אוטומטי,שחור,השכרה,4 חודשים,"‏1,424 ₪",23000
563,פיאט קובו ACTIVE,2015,1368 ליטר בנזין,"149,000",1,ידני,לבן,פרטית,1 חודשים,‏985 ₪,25900
564,מאזדה 6 LUXURY,2018,1998 ליטר בנזין,"136,000",2,אוטומטי,לבן,ליסינג,3 חודשים,"‏2,019 ₪",96900
565,מאזדה 6 LUXURY,2018,1998 ליטר בנזין,"136,000",2,אוטומטי,לבן,ליסינג,3 חודשים,"‏2,019 ₪",96900
566,מאזדה 6 LUXURY,2018,1998 ליטר בנזין,"136,000",2,אוטומטי,לבן,ליסינג,3 חודשים,"‏2,019 ₪",96900
567,פיג'ו 3008 ACTIVE,2019,1199 ליטר בנזין,"61,697",1,אוטומטי,לבן,ליסינג,1 חודשים,"‏2,130 ₪",110600
568,מיצובישי אטראז INSTYLE,2016,1193 ליטר בנזין,"208,699",1,אוטומטי,לבן,ליסינג,5 חודשים,"‏1,102 ₪",37400
569,מיצובישי אטראז INSTYLE,2016,1193 ליטר בנזין,"208,699",1,אוטומטי,לבן,ליסינג,5 חודשים,"‏1,102 ₪",37400
570,אופל מוקה ENJOY,2015,1364 ליטר בנזין,"53,900",2,אוטומטי,לבן,פרטית,9 חודשים,"‏1,424 ₪",62400
571,רנו קליאו LIFE,2017,1197 ליטר בנזין,"109,846",1,אוטומטי,לבן,השכרה,11 חודשים,"‏1,102 ₪",52500
572,קיה פיקנטו LX,2022,1197 ליטר בנזין,1,1,אוטומטי,אפור,ליסינג,11 חודשים,"‏1,235 ₪",86500
573,סקודה אוקטביה AMBITION,2017,1395 ליטר בנזין,"132,000",2,אוטומטי,אפור כהה מטלי,ליסינג,8 חודשים,"‏1,604 ₪",85000
574,סקודה אוקטביה AMBITION,2017,1395 ליטר בנזין,"132,000",2,אוטומטי,אפור כהה מטלי,ליסינג,8 חודשים,"‏1,604 ₪",85000
575,רנו גראנד קופה INTENSE,2018,1461 ליטר דיזל,"140,000",2,אוטומטי,שחור,ליסינג,4 חודשים,"‏1,604 ₪",90000
576,רנו גראנד קופה INTENSE,2018,1461 ליטר דיזל,"140,000",2,אוטומטי,שחור,ליסינג,4 חודשים,"‏1,604 ₪",90000
577,אאודי Q3,2019,1498 ליטר בנזין,"30,000",1,אוטומטי,לבן,פרטית,8 חודשים,"‏3,366 ₪",219500
578,קיה סיד LX,2015,1591 ליטר בנזין,"193,000",4,אוטומטי,כסף ים,ליסינג,6 חודשים,"‏1,424 ₪",40900
579,מרצדס CLA קלאס CLA200 URBAN FL,2017,1595 ליטר בנזין,"53,000",4,אוטומטי,לבן,פרטית,1 חודשים,"‏2,563 ₪",170000
580,שברולט טרוורס LTZ,2014,3564 ליטר בנזין,"131,000",2,אוטומטי,לבן,פרטית,3 חודשים,"‏2,397 ₪",110000
581,אלפא רומיאו 159 CLASSICOPLUS,2010,2198 ליטר בנזין,"159,000",3,אוטומטי,אפור בהיר מטלי,פרטית,1 חודשים,"‏1,508 ₪",27000
582,קיה ספורטז' URBAN,2019,1591 ליטר בנזין,"64,000",2,אוטומטי,שחור,ליסינג,11 חודשים,"‏1,604 ₪",113000
583,אופל אסטרה ברלינה ENJOY,2014,1364 ליטר בנזין,"222,279",2,אוטומטי,כחול מטאלי,ליסינג,7 חודשים,"‏1,424 ₪",28000
584,אופל אסטרה ברלינה ENJOY,2014,1364 ליטר בנזין,"222,279",2,אוטומטי,כחול מטאלי,ליסינג,7 חודשים,"‏1,424 ₪",28000
585,קיה ספורטז' PREMIUM GT,2016,1591 ליטר בנזין,"93,500",1,אוטומטי,לבן,פרטית,7 חודשים,"‏2,019 ₪",105000
586,סקודה אוקטביה EXCLUSIVE,2019,1498 ליטר בנזין,"38,500",1,אוטומטי,אפור,פרטית,4 חודשים,"‏2,130 ₪",125000
587,סיאט איביזה AM5,2015,1197 ליטר בנזין,"245,000",3,אוטומטי,לבן,ליסינג,9 חודשים,"‏1,205 ₪",29000
588,סיאט איביזה AM5,2015,1197 ליטר בנזין,"245,000",3,אוטומטי,לבן,ליסינג,9 חודשים,"‏1,205 ₪",29000
589,סקודה אוקטביה AMBITION,2018,999 ליטר בנזין,"105,000",1,אוטומטי,אפור,פרטית,5 חודשים,"‏1,604 ₪",94000
590,סקודה אוקטביה EXCLUSIVE,2017,999 ליטר בנזין,"74,000",1,אוטומטי,לבן,פרטית,9 חודשים,"‏1,604 ₪",99000
591,סקודה אוקטביה EXCLUSIVE,2017,999 ליטר בנזין,"74,000",1,אוטומטי,לבן,פרטית,9 חודשים,"‏1,604 ₪",99000
592,סקודה אוקטביה EXCLUSIVE,2017,999 ליטר בנזין,"74,000",1,אוטומטי,לבן,פרטית,9 חודשים,"‏1,604 ₪",99000
593,איסוזו D-Max S,2016,2499 ליטר דיזל,"342,000",1,ידני,לבן,פרטית,5 חודשים,"‏2,019 ₪",127000
594,סיטרואן C4 פיקאסו COMFORT PK,2017,1598 ליטר בנזין,"113,151",1,אוטומטי,אפור,השכרה,1 חודשים,"‏1,604 ₪",73360
595,מיצובישי אאוטלנדר PREMIUM,2016,1998 ליטר בנזין,"180,000",1,אוטומטי,שחור,ליסינג,8 חודשים,"‏2,019 ₪",110000
596,סקודה אוקטביה AMBITION,2018,999 ליטר בנזין,"174,000",1,אוטומטי,כסוף כהה,ליסינג,4 חודשים,"‏1,604 ₪",88000
597,מיצובישי אאוטלנדר INSTYLE,2016,1998 ליטר בנזין,"106,609",1,אוטומטי,לבן,ליסינג,6 חודשים,"‏2,019 ₪",116767
598,סיטרואן C3 PICASSO COMFORT,2010,1560 ליטר דיזל,"200,000",2,ידני,אפור בהיר מטלי,פרטית,10 חודשים,"‏1,074 ₪",16800
599,סובארו אימפרזה RX,2007,1498 ליטר בנזין,"240,000",2,אוטומטי,תכלת מטאלי,פרטית,2 חודשים,"‏1,074 ₪",14000
600,סובארו XV 2.0 EYESIGHT,2018,1995 ליטר בנזין,"83,000",2,אוטומטי,שחור,פרטית,9 חודשים,"‏1,835 ₪",118000
601,סובארו XV 2.0 EYESIGHT,2018,1995 ליטר בנזין,"83,000",2,אוטומטי,שחור,פרטית,9 חודשים,"‏1,835 ₪",118000
602,סובארו XV 2.0 EYESIGHT,2018,1995 ליטר בנזין,"83,000",2,אוטומטי,שחור,פרטית,9 חודשים,"‏1,835 ₪",118000
603,קופרה פורמנטור VZ,2021,1984 ליטר בנזין,"16,000",2,אוטומטי,אפור,פרטית,2 חודשים,"‏3,366 ₪",245000
604,קופרה פורמנטור VZ,2021,1984 ליטר בנזין,"16,000",2,אוטומטי,אפור,פרטית,2 חודשים,"‏3,366 ₪",245000
605,קופרה פורמנטור VZ,2021,1984 ליטר בנזין,"16,000",2,אוטומטי,אפור,פרטית,2 חודשים,"‏3,366 ₪",245000
606,דייהטסו סיריון CX,2010,1298 ליטר בנזין,"205,000",3,אוטומטי,לבן,ליסינג,1 חודשים,"‏1,074 ₪",17500
607,דייהטסו סיריון CX,2010,1298 ליטר בנזין,"205,000",3,אוטומטי,לבן,ליסינג,1 חודשים,"‏1,074 ₪",17500
608,אופל קורסה ENJOY,2011,1398 ליטר בנזין,"145,000",3,אוטומטי,לבן,פרטית,5 חודשים,"‏1,074 ₪",18900
609,קיה סורנטו EX,2017,2359 ליטר בנזין,"156,000",1,אוטומטי,אפור,פרטית,4 חודשים,"‏2,563 ₪",144000
610,קיה סורנטו EX,2017,2359 ליטר בנזין,"156,000",1,אוטומטי,אפור,פרטית,4 חודשים,"‏2,563 ₪",144000
611,אאודי TT COUPE DESIGN,2020,1984 ליטר בנזין,"57,000",2,אוטומטי,שחור,פרטית,1 חודשים,"‏3,366 ₪",240000
612,אופל אסטרה ברלינה ENJOY,2013,1362 ליטר בנזין,"140,000",3,אוטומטי,שחור מטלי,ליסינג,11 חודשים,"‏1,424 ₪",28000
613,פיג'ו 5008 ACTIVE,2018,1598 ליטר בנזין,"156,582",1,אוטומטי,לבן,ליסינג,8 חודשים,"‏2,019 ₪",100900
614,פיג'ו 5008 ACTIVE,2018,1598 ליטר בנזין,"156,582",1,אוטומטי,לבן,ליסינג,8 חודשים,"‏2,019 ₪",100900
615,פיג'ו 5008 ACTIVE,2018,1598 ליטר בנזין,"156,582",1,אוטומטי,לבן,ליסינג,8 חודשים,"‏2,019 ₪",100900
616,קיה סורנטו URBAN,2020,2359 ליטר בנזין,"31,000",1,אוטומטי,אפור,ליסינג,6 חודשים,"‏3,366 ₪",190000
617,איסוזו D-Max LS,2016,2499 ליטר דיזל,"100,000",1,אוטומטי,לבן,פרטית,2 חודשים,"‏2,563 ₪",165000
618,איסוזו D-Max LS,2016,2499 ליטר דיזל,"100,000",1,אוטומטי,לבן,פרטית,2 חודשים,"‏2,563 ₪",165000
619,איסוזו D-Max LS,2016,2499 ליטר דיזל,"100,000",1,אוטומטי,לבן,פרטית,2 חודשים,"‏2,563 ₪",165000
620,ב.מ.וו X6 XDRIVE 30D SPORT,2019,2993 ליטר דיזל,"41,000",2,אוטומטי,לבן,פרטית,7 חודשים,"‏4,731 ₪",395000
621,יונדאי טוסון OPEN SKY,2017,1999 ליטר בנזין,"90,000",1,אוטומטי,לבן,פרטית,4 חודשים,"‏2,019 ₪",115999
622,לקסוס GS 300 PREMIUM,2011,2995 ליטר בנזין,"170,000",3,אוטומטי,לבן,פרטית,1 חודשים,"‏1,726 ₪",65000
623,ניסאן X TRAIL VISIA,2017,1598 ליטר דיזל,"63,700",2,אוטומטי,לבן,פרטית,8 חודשים,"‏2,019 ₪",124900
624,יונדאי אלנטרה INSPIRE SR,2020,1591 ליטר בנזין,"24,560",1,אוטומטי,כסוף,ליסינג,10 חודשים,"‏1,811 ₪",102900
625,קיה ספורטז' URBAN,2015,1591 ליטר בנזין,"149,000",3,אוטומטי,אפור,ליסינג,8 חודשים,"‏1,424 ₪",65000
626,קיה ספורטז' PREMIUM GT,2017,1591 ליטר בנזין,"87,000",2,אוטומטי,שחור,פרטית,1 חודשים,"‏2,019 ₪",129000
627,שברולט מאליבו LT,2015,1998 ליטר בנזין,"141,000",2,אוטומטי,לבן,ליסינג,5 חודשים,"‏1,693 ₪",54000
628,מיצובישי פאג'רו GLS,2001,3200 ליטר דיזל,"380,000",5,אוטומטי,כסוף בהיר,פרטית,2 חודשים,"‏1,508 ₪",28000
629,סובארו פורסטר 2.0 OSAKA,2018,1995 ליטר בנזין,"92,500",1,אוטומטי,לבן,פרטית,7 חודשים,"‏2,019 ₪",122400
630,ב.מ.וו סדרה 1 116I BUSINESS,2013,1598 ליטר בנזין,"120,000",5,אוטומטי,שחור מטלי,פרטית,4 חודשים,"‏1,693 ₪",63900
631,ב.מ.וו סדרה 1 116I BUSINESS,2013,1598 ליטר בנזין,"120,000",5,אוטומטי,שחור מטלי,פרטית,4 חודשים,"‏1,693 ₪",63900
632,ב.מ.וו סדרה 1 116I BUSINESS,2013,1598 ליטר בנזין,"120,000",5,אוטומטי,שחור מטלי,פרטית,4 חודשים,"‏1,693 ₪",63900
633,טויוטה יאריס SOL,2016,1329 ליטר בנזין,"130,000",2,אוטומטי,אפור מטל,ליסינג,3 חודשים,"‏1,353 ₪",55900
634,פיאט קובו ACTIVE,2017,1248 ליטר דיזל,"136,000",1,ידני,לבן,חברה,11 חודשים,"‏1,353 ₪",35000
635,פיאט קובו ACTIVE,2015,1248 ליטר דיזל,"257,000",1,ידני,לבן,חברה,13 חודשים,"‏1,424 ₪",22000
636,פיג'ו 208 PREMIUM,2021,1199 ליטר בנזין,"4,055",1,אוטומטי,צהוב,ליסינג,5 חודשים,"‏1,529 ₪",111000
